StartDate,EndDate,Status,IPAddress,Progress,Duration (in seconds),Finished,RecordedDate,ResponseId,RecipientLastName,RecipientFirstName,ExternalReference,LocationLatitude,LocationLongitude,DistributionChannel,UserLanguage,Intent | Friday_1,Intent | Friday_2,Intent | Friday_3,Intent | Museum_1,Intent | Museum_2,Intent | Museum_3,Intent | Sick_1,Intent | Sick_2,Intent | Sick_3,Intent | WYD_1,Intent | WYD_2,Intent | WYD_3,Intent | Bored_1,Intent | Bored_2,Intent | Bored_3,Intent | Missed Show_1,Intent | Missed Show_2,Intent | Missed Show_3,Intent | Oolong Tea_1,Intent | Oolong Tea_2,Intent | Oolong Tea_3,Intent | Lunch_1,Intent | Lunch_2,Intent | Lunch_3,Intent | Common Room_1,Intent | Common Room_2,Intent | Common Room_3,Intent | Party_1,Intent | Party_2,Intent | Party_3,Text | Friendship,Text | Friendship_DO,P(Text | Friendship)_1,P(Text | Friendship)_2,P(Text | Friendship)_3,P(Text | Friendship)_4,P(Text | Friendship)_5,P(Text | Friendship)_6,P(Text | Friendship)_7,P(Text | Friendship)_8,P(Text | Friendship)_9,P(Text | Friendship)_10,P(Text | Friendship)_DO,Text | Relationship,Text | Relationship_DO,P(Text|Relationship)_1,P(Text|Relationship)_2,P(Text|Relationship)_3,P(Text|Relationship)_4,P(Text|Relationship)_5,P(Text|Relationship)_6,P(Text|Relationship)_7,P(Text|Relationship)_8,P(Text|Relationship)_9,P(Text|Relationship)_10,P(Text|Relationship)_DO,Text | Hookup,Text | Hookup_DO,P(Text | Hookup)_1,P(Text | Hookup)_2,P(Text | Hookup)_3,P(Text | Hookup)_4,P(Text | Hookup)_5,P(Text | Hookup)_6,P(Text | Hookup)_7,P(Text | Hookup)_8,P(Text | Hookup)_9,P(Text | Hookup)_10,P(Text | Hookup)_DO,Race,Gender,Sexuality,Sexuality_6_TEXT,Age,Major,FL_6_DO,Intent|Behavior_DO
Start Date,End Date,Response Type,IP Address,Progress,Duration (in seconds),Finished,Recorded Date,Response ID,Recipient Last Name,Recipient First Name,External Data Reference,Location Latitude,Location Longitude,Distribution Channel,User Language,"Given that you received the following text from an acquaintance you're comfortable with, please rate each option based on the chances that the sender wants that type of connection. For example, if you rate friendship as an 8 and relationship as a 4, then you think that the sender is twice as likely to want to start a friendship as they are to want to start a relationship. Assume that your genders and sexualities are compatible.



Text: ""Hey, super nice seeing you today, you looked great btw. You busy Friday night? I’d love to hang out"" - Friendship","Given that you received the following text from an acquaintance you're comfortable with, please rate each option based on the chances that the sender wants that type of connection. For example, if you rate friendship as an 8 and relationship as a 4, then you think that the sender is twice as likely to want to start a friendship as they are to want to start a relationship. Assume that your genders and sexualities are compatible.



Text: ""Hey, super nice seeing you today, you looked great btw. You busy Friday night? I’d love to hang out"" - Relationship","Given that you received the following text from an acquaintance you're comfortable with, please rate each option based on the chances that the sender wants that type of connection. For example, if you rate friendship as an 8 and relationship as a 4, then you think that the sender is twice as likely to want to start a friendship as they are to want to start a relationship. Assume that your genders and sexualities are compatible.



Text: ""Hey, super nice seeing you today, you looked great btw. You busy Friday night? I’d love to hang out"" - Hookup","Given that you received the following text from an acquaintance you're comfortable with, please rate each option based on the chances that the sender wants that type of connection. For example, if you rate friendship as an 8 and relationship as a 4, then you think that the sender is twice as likely to want to start a friendship as they are to want to start a relationship. Assume that your genders and sexualities are compatible.



Text: ""Hey was great talking to you last night! If you want to hit up that [common interest] museum, lmk! I was thinking of going next week if you wanna join"" - Friendship","Given that you received the following text from an acquaintance you're comfortable with, please rate each option based on the chances that the sender wants that type of connection. For example, if you rate friendship as an 8 and relationship as a 4, then you think that the sender is twice as likely to want to start a friendship as they are to want to start a relationship. Assume that your genders and sexualities are compatible.



Text: ""Hey was great talking to you last night! If you want to hit up that [common interest] museum, lmk! I was thinking of going next week if you wanna join"" - Relationship","Given that you received the following text from an acquaintance you're comfortable with, please rate each option based on the chances that the sender wants that type of connection. For example, if you rate friendship as an 8 and relationship as a 4, then you think that the sender is twice as likely to want to start a friendship as they are to want to start a relationship. Assume that your genders and sexualities are compatible.



Text: ""Hey was great talking to you last night! If you want to hit up that [common interest] museum, lmk! I was thinking of going next week if you wanna join"" - Hookup","Given that you received the following text from an acquaintance you're comfortable with, please rate each option based on the chances that the sender wants that type of connection. For example, if you rate friendship as an 8 and relationship as a 4, then you think that the sender is twice as likely to want to start a friendship as they are to want to start a relationship. Assume that your genders and sexualities are compatible.



Text: ""how are you doing? ik you mentioned you felt a little sick"" - Friendship","Given that you received the following text from an acquaintance you're comfortable with, please rate each option based on the chances that the sender wants that type of connection. For example, if you rate friendship as an 8 and relationship as a 4, then you think that the sender is twice as likely to want to start a friendship as they are to want to start a relationship. Assume that your genders and sexualities are compatible.



Text: ""how are you doing? ik you mentioned you felt a little sick"" - Relationship","Given that you received the following text from an acquaintance you're comfortable with, please rate each option based on the chances that the sender wants that type of connection. For example, if you rate friendship as an 8 and relationship as a 4, then you think that the sender is twice as likely to want to start a friendship as they are to want to start a relationship. Assume that your genders and sexualities are compatible.



Text: ""how are you doing? ik you mentioned you felt a little sick"" - Hookup","Given that you received the following text from an acquaintance you're comfortable with, please rate each option based on the chances that the sender wants that type of connection. For example, if you rate friendship as an 8 and relationship as a 4, then you think that the sender is twice as likely to want to start a friendship as they are to want to start a relationship. Assume that your genders and sexualities are compatible.



Text: ""Heyyy, what are you doing tn?"" - Friendship","Given that you received the following text from an acquaintance you're comfortable with, please rate each option based on the chances that the sender wants that type of connection. For example, if you rate friendship as an 8 and relationship as a 4, then you think that the sender is twice as likely to want to start a friendship as they are to want to start a relationship. Assume that your genders and sexualities are compatible.



Text: ""Heyyy, what are you doing tn?"" - Relationship","Given that you received the following text from an acquaintance you're comfortable with, please rate each option based on the chances that the sender wants that type of connection. For example, if you rate friendship as an 8 and relationship as a 4, then you think that the sender is twice as likely to want to start a friendship as they are to want to start a relationship. Assume that your genders and sexualities are compatible.



Text: ""Heyyy, what are you doing tn?"" - Hookup","Given that you received the following text from an acquaintance you're comfortable with, please rate each option based on the chances that the sender wants that type of connection. For example, if you rate friendship as an 8 and relationship as a 4, then you think that the sender is twice as likely to want to start a friendship as they are to want to start a relationship. Assume that your genders and sexualities are compatible.



Text: ""wanna hang out I’m bored"" - Friendship","Given that you received the following text from an acquaintance you're comfortable with, please rate each option based on the chances that the sender wants that type of connection. For example, if you rate friendship as an 8 and relationship as a 4, then you think that the sender is twice as likely to want to start a friendship as they are to want to start a relationship. Assume that your genders and sexualities are compatible.



Text: ""wanna hang out I’m bored"" - Relationship","Given that you received the following text from an acquaintance you're comfortable with, please rate each option based on the chances that the sender wants that type of connection. For example, if you rate friendship as an 8 and relationship as a 4, then you think that the sender is twice as likely to want to start a friendship as they are to want to start a relationship. Assume that your genders and sexualities are compatible.



Text: ""wanna hang out I’m bored"" - Hookup","Given that you received the following text from an acquaintance you're comfortable with, please rate each option based on the chances that the sender wants that type of connection. For example, if you rate friendship as an 8 and relationship as a 4, then you think that the sender is twice as likely to want to start a friendship as they are to want to start a relationship. Assume that your genders and sexualities are compatible.



Text: ""I’m so sorry I missed your show!! I heard it was so good :)"" - Friendship","Given that you received the following text from an acquaintance you're comfortable with, please rate each option based on the chances that the sender wants that type of connection. For example, if you rate friendship as an 8 and relationship as a 4, then you think that the sender is twice as likely to want to start a friendship as they are to want to start a relationship. Assume that your genders and sexualities are compatible.



Text: ""I’m so sorry I missed your show!! I heard it was so good :)"" - Relationship","Given that you received the following text from an acquaintance you're comfortable with, please rate each option based on the chances that the sender wants that type of connection. For example, if you rate friendship as an 8 and relationship as a 4, then you think that the sender is twice as likely to want to start a friendship as they are to want to start a relationship. Assume that your genders and sexualities are compatible.



Text: ""I’m so sorry I missed your show!! I heard it was so good :)"" - Hookup","Given that you received the following text from an acquaintance you're comfortable with, please rate each option based on the chances that the sender wants that type of connection. For example, if you rate friendship as an 8 and relationship as a 4, then you think that the sender is twice as likely to want to start a friendship as they are to want to start a relationship. Assume that your genders and sexualities are compatible.



Text: ""Did you want to work on the pset together? I have some new oolong tea my friend got me."" - Friendship","Given that you received the following text from an acquaintance you're comfortable with, please rate each option based on the chances that the sender wants that type of connection. For example, if you rate friendship as an 8 and relationship as a 4, then you think that the sender is twice as likely to want to start a friendship as they are to want to start a relationship. Assume that your genders and sexualities are compatible.



Text: ""Did you want to work on the pset together? I have some new oolong tea my friend got me."" - Relationship","Given that you received the following text from an acquaintance you're comfortable with, please rate each option based on the chances that the sender wants that type of connection. For example, if you rate friendship as an 8 and relationship as a 4, then you think that the sender is twice as likely to want to start a friendship as they are to want to start a relationship. Assume that your genders and sexualities are compatible.



Text: ""Did you want to work on the pset together? I have some new oolong tea my friend got me."" - Hookup","Given that you received the following text from an acquaintance you're comfortable with, please rate each option based on the chances that the sender wants that type of connection. For example, if you rate friendship as an 8 and relationship as a 4, then you think that the sender is twice as likely to want to start a friendship as they are to want to start a relationship. Assume that your genders and sexualities are compatible.



Text: ""haven't seen you in a while lunch sometime?"" - Friendship","Given that you received the following text from an acquaintance you're comfortable with, please rate each option based on the chances that the sender wants that type of connection. For example, if you rate friendship as an 8 and relationship as a 4, then you think that the sender is twice as likely to want to start a friendship as they are to want to start a relationship. Assume that your genders and sexualities are compatible.



Text: ""haven't seen you in a while lunch sometime?"" - Relationship","Given that you received the following text from an acquaintance you're comfortable with, please rate each option based on the chances that the sender wants that type of connection. For example, if you rate friendship as an 8 and relationship as a 4, then you think that the sender is twice as likely to want to start a friendship as they are to want to start a relationship. Assume that your genders and sexualities are compatible.



Text: ""haven't seen you in a while lunch sometime?"" - Hookup","Given that you received the following text from an acquaintance you're comfortable with, please rate each option based on the chances that the sender wants that type of connection. For example, if you rate friendship as an 8 and relationship as a 4, then you think that the sender is twice as likely to want to start a friendship as they are to want to start a relationship. Assume that your genders and sexualities are compatible.



Text: ""heya! i had fun yesterday- wanna come back to my common room after the show?"" - Friendship","Given that you received the following text from an acquaintance you're comfortable with, please rate each option based on the chances that the sender wants that type of connection. For example, if you rate friendship as an 8 and relationship as a 4, then you think that the sender is twice as likely to want to start a friendship as they are to want to start a relationship. Assume that your genders and sexualities are compatible.



Text: ""heya! i had fun yesterday- wanna come back to my common room after the show?"" - Relationship","Given that you received the following text from an acquaintance you're comfortable with, please rate each option based on the chances that the sender wants that type of connection. For example, if you rate friendship as an 8 and relationship as a 4, then you think that the sender is twice as likely to want to start a friendship as they are to want to start a relationship. Assume that your genders and sexualities are compatible.



Text: ""heya! i had fun yesterday- wanna come back to my common room after the show?"" - Hookup","Given that you received the following text from an acquaintance you're comfortable with, please rate each option based on the chances that the sender wants that type of connection. For example, if you rate friendship as an 8 and relationship as a 4, then you think that the sender is twice as likely to want to start a friendship as they are to want to start a relationship. Assume that your genders and sexualities are compatible.



Text: ""are you planning to go to thomas’s party on friday? i want to go but i don’t want to be alone"" - Friendship","Given that you received the following text from an acquaintance you're comfortable with, please rate each option based on the chances that the sender wants that type of connection. For example, if you rate friendship as an 8 and relationship as a 4, then you think that the sender is twice as likely to want to start a friendship as they are to want to start a relationship. Assume that your genders and sexualities are compatible.



Text: ""are you planning to go to thomas’s party on friday? i want to go but i don’t want to be alone"" - Relationship","Given that you received the following text from an acquaintance you're comfortable with, please rate each option based on the chances that the sender wants that type of connection. For example, if you rate friendship as an 8 and relationship as a 4, then you think that the sender is twice as likely to want to start a friendship as they are to want to start a relationship. Assume that your genders and sexualities are compatible.



Text: ""are you planning to go to thomas’s party on friday? i want to go but i don’t want to be alone"" - Hookup",Given that you would like to start a friendship with this person: which of these messages would you at least consider sending (must choose at least one)?,Given that you would like to start a friendship with this person: which of these messages would you at least consider sending (must choose at least one)? - Display Order,"Given that you're still trying to start a friendship with this person, please rate these messages based on how likely you are to send each one (if you had to pick one). For example, if you rate response A as an 8 and response B as a 4, then this indicates that you're twice as likely to send A as you are to send B. - Hey, super nice seeing you today, you looked great btw. You busy Friday night? I’d love to hang out","Given that you're still trying to start a friendship with this person, please rate these messages based on how likely you are to send each one (if you had to pick one). For example, if you rate response A as an 8 and response B as a 4, then this indicates that you're twice as likely to send A as you are to send B. - Hey was great talking to you last night! If you want to hit up that [common interest] museum, lmk! I was thinking of going next week if you wanna join","Given that you're still trying to start a friendship with this person, please rate these messages based on how likely you are to send each one (if you had to pick one). For example, if you rate response A as an 8 and response B as a 4, then this indicates that you're twice as likely to send A as you are to send B. - how are you doing? ik you mentioned you felt a little sick","Given that you're still trying to start a friendship with this person, please rate these messages based on how likely you are to send each one (if you had to pick one). For example, if you rate response A as an 8 and response B as a 4, then this indicates that you're twice as likely to send A as you are to send B. - Heyyy, what are you doing tn?","Given that you're still trying to start a friendship with this person, please rate these messages based on how likely you are to send each one (if you had to pick one). For example, if you rate response A as an 8 and response B as a 4, then this indicates that you're twice as likely to send A as you are to send B. - wanna hang out I’m bored","Given that you're still trying to start a friendship with this person, please rate these messages based on how likely you are to send each one (if you had to pick one). For example, if you rate response A as an 8 and response B as a 4, then this indicates that you're twice as likely to send A as you are to send B. - I’m so sorry I missed your show!! I heard it was so good :)","Given that you're still trying to start a friendship with this person, please rate these messages based on how likely you are to send each one (if you had to pick one). For example, if you rate response A as an 8 and response B as a 4, then this indicates that you're twice as likely to send A as you are to send B. - Did you want to work on the pset together? I have some new oolong tea my friend got me.","Given that you're still trying to start a friendship with this person, please rate these messages based on how likely you are to send each one (if you had to pick one). For example, if you rate response A as an 8 and response B as a 4, then this indicates that you're twice as likely to send A as you are to send B. - haven't seen you in a while lunch sometime?","Given that you're still trying to start a friendship with this person, please rate these messages based on how likely you are to send each one (if you had to pick one). For example, if you rate response A as an 8 and response B as a 4, then this indicates that you're twice as likely to send A as you are to send B. - heya! i had fun yesterday- wanna come back to my common room after the show?","Given that you're still trying to start a friendship with this person, please rate these messages based on how likely you are to send each one (if you had to pick one). For example, if you rate response A as an 8 and response B as a 4, then this indicates that you're twice as likely to send A as you are to send B. - are you planning to go to thomas’s party on friday? i want to go but i don't want to be alone","Given that you're still trying to start a friendship with this person, please rate these messages based on how likely you are to send each one (if you had to pick one). For example, if you rate response A as an 8 and response B as a 4, then this indicates that you're twice as likely to send A as you are to send B. - Display Order",Given that you would like to start a relationship with this person: which of these messages would you at least consider sending (must choose at least one)?,Given that you would like to start a relationship with this person: which of these messages would you at least consider sending (must choose at least one)? - Display Order,"Given that you're still trying to start a relationship with this person, please rate these messages based on how likely you are to send each one (if you had to pick one). For example, if you rate response A as an 8 and response B as a 4, then this indicates that you're twice as likely to send A as you are to send B. - Hey, super nice seeing you today, you looked great btw. You busy Friday night? I’d love to hang out","Given that you're still trying to start a relationship with this person, please rate these messages based on how likely you are to send each one (if you had to pick one). For example, if you rate response A as an 8 and response B as a 4, then this indicates that you're twice as likely to send A as you are to send B. - Hey was great talking to you last night! If you want to hit up that [common interest] museum, lmk! I was thinking of going next week if you wanna join","Given that you're still trying to start a relationship with this person, please rate these messages based on how likely you are to send each one (if you had to pick one). For example, if you rate response A as an 8 and response B as a 4, then this indicates that you're twice as likely to send A as you are to send B. - how are you doing? ik you mentioned you felt a little sick","Given that you're still trying to start a relationship with this person, please rate these messages based on how likely you are to send each one (if you had to pick one). For example, if you rate response A as an 8 and response B as a 4, then this indicates that you're twice as likely to send A as you are to send B. - Heyyy, what are you doing tn?","Given that you're still trying to start a relationship with this person, please rate these messages based on how likely you are to send each one (if you had to pick one). For example, if you rate response A as an 8 and response B as a 4, then this indicates that you're twice as likely to send A as you are to send B. - wanna hang out I’m bored","Given that you're still trying to start a relationship with this person, please rate these messages based on how likely you are to send each one (if you had to pick one). For example, if you rate response A as an 8 and response B as a 4, then this indicates that you're twice as likely to send A as you are to send B. - I’m so sorry I missed your show!! I heard it was so good :)","Given that you're still trying to start a relationship with this person, please rate these messages based on how likely you are to send each one (if you had to pick one). For example, if you rate response A as an 8 and response B as a 4, then this indicates that you're twice as likely to send A as you are to send B. - Did you want to work on the pset together? I have some new oolong tea my friend got me.","Given that you're still trying to start a relationship with this person, please rate these messages based on how likely you are to send each one (if you had to pick one). For example, if you rate response A as an 8 and response B as a 4, then this indicates that you're twice as likely to send A as you are to send B. - haven't seen you in a while lunch sometime?","Given that you're still trying to start a relationship with this person, please rate these messages based on how likely you are to send each one (if you had to pick one). For example, if you rate response A as an 8 and response B as a 4, then this indicates that you're twice as likely to send A as you are to send B. - heya! i had fun yesterday- wanna come back to my common room after the show?","Given that you're still trying to start a relationship with this person, please rate these messages based on how likely you are to send each one (if you had to pick one). For example, if you rate response A as an 8 and response B as a 4, then this indicates that you're twice as likely to send A as you are to send B. - are you planning to go to thomas’s party on friday? i want to go but i don't want to be alone","Given that you're still trying to start a relationship with this person, please rate these messages based on how likely you are to send each one (if you had to pick one). For example, if you rate response A as an 8 and response B as a 4, then this indicates that you're twice as likely to send A as you are to send B. - Display Order",Given that you would like to hookup with this person: which of these messages would you at least consider sending (must choose at least one)?,Given that you would like to hookup with this person: which of these messages would you at least consider sending (must choose at least one)? - Display Order,"Given that you're still trying to hookup with this person, please rate these messages based on how likely you are to send each one (if you had to pick one). For example, if you rate response A as an 8 and response B as a 4, then this indicates that you're twice as likely to send A as you are to send B. - Hey, super nice seeing you today, you looked great btw. You busy Friday night? I’d love to hang out","Given that you're still trying to hookup with this person, please rate these messages based on how likely you are to send each one (if you had to pick one). For example, if you rate response A as an 8 and response B as a 4, then this indicates that you're twice as likely to send A as you are to send B. - Hey was great talking to you last night! If you want to hit up that [common interest] museum, lmk! I was thinking of going next week if you wanna join","Given that you're still trying to hookup with this person, please rate these messages based on how likely you are to send each one (if you had to pick one). For example, if you rate response A as an 8 and response B as a 4, then this indicates that you're twice as likely to send A as you are to send B. - how are you doing? ik you mentioned you felt a little sick","Given that you're still trying to hookup with this person, please rate these messages based on how likely you are to send each one (if you had to pick one). For example, if you rate response A as an 8 and response B as a 4, then this indicates that you're twice as likely to send A as you are to send B. - Heyyy, what are you doing tn?","Given that you're still trying to hookup with this person, please rate these messages based on how likely you are to send each one (if you had to pick one). For example, if you rate response A as an 8 and response B as a 4, then this indicates that you're twice as likely to send A as you are to send B. - wanna hang out I’m bored","Given that you're still trying to hookup with this person, please rate these messages based on how likely you are to send each one (if you had to pick one). For example, if you rate response A as an 8 and response B as a 4, then this indicates that you're twice as likely to send A as you are to send B. - I’m so sorry I missed your show!! I heard it was so good :)","Given that you're still trying to hookup with this person, please rate these messages based on how likely you are to send each one (if you had to pick one). For example, if you rate response A as an 8 and response B as a 4, then this indicates that you're twice as likely to send A as you are to send B. - Did you want to work on the pset together? I have some new oolong tea my friend got me.","Given that you're still trying to hookup with this person, please rate these messages based on how likely you are to send each one (if you had to pick one). For example, if you rate response A as an 8 and response B as a 4, then this indicates that you're twice as likely to send A as you are to send B. - haven't seen you in a while lunch sometime?","Given that you're still trying to hookup with this person, please rate these messages based on how likely you are to send each one (if you had to pick one). For example, if you rate response A as an 8 and response B as a 4, then this indicates that you're twice as likely to send A as you are to send B. - heya! i had fun yesterday- wanna come back to my common room after the show?","Given that you're still trying to hookup with this person, please rate these messages based on how likely you are to send each one (if you had to pick one). For example, if you rate response A as an 8 and response B as a 4, then this indicates that you're twice as likely to send A as you are to send B. - are you planning to go to thomas’s party on friday? i want to go but i don't want to be alone","Given that you're still trying to hookup with this person, please rate these messages based on how likely you are to send each one (if you had to pick one). For example, if you rate response A as an 8 and response B as a 4, then this indicates that you're twice as likely to send A as you are to send B. - Display Order",Race/Ethnicity,Gender,Sexuality - Selected Choice,Sexuality - Other - Text,Age,What category does your concentration fall under?,FL_6 - Block Randomizer - Display Order,Intent | Behavior - Display Order
"{""ImportId"":""startDate"",""timeZone"":""America/Denver""}","{""ImportId"":""endDate"",""timeZone"":""America/Denver""}","{""ImportId"":""status""}","{""ImportId"":""ipAddress""}","{""ImportId"":""progress""}","{""ImportId"":""duration""}","{""ImportId"":""finished""}","{""ImportId"":""recordedDate"",""timeZone"":""America/Denver""}","{""ImportId"":""_recordId""}","{""ImportId"":""recipientLastName""}","{""ImportId"":""recipientFirstName""}","{""ImportId"":""externalDataReference""}","{""ImportId"":""locationLatitude""}","{""ImportId"":""locationLongitude""}","{""ImportId"":""distributionChannel""}","{""ImportId"":""userLanguage""}","{""ImportId"":""QID17_1""}","{""ImportId"":""QID17_2""}","{""ImportId"":""QID17_3""}","{""ImportId"":""QID20_1""}","{""ImportId"":""QID20_2""}","{""ImportId"":""QID20_3""}","{""ImportId"":""QID21_1""}","{""ImportId"":""QID21_2""}","{""ImportId"":""QID21_3""}","{""ImportId"":""QID22_1""}","{""ImportId"":""QID22_2""}","{""ImportId"":""QID22_3""}","{""ImportId"":""QID23_1""}","{""ImportId"":""QID23_2""}","{""ImportId"":""QID23_3""}","{""ImportId"":""QID24_1""}","{""ImportId"":""QID24_2""}","{""ImportId"":""QID24_3""}","{""ImportId"":""QID25_1""}","{""ImportId"":""QID25_2""}","{""ImportId"":""QID25_3""}","{""ImportId"":""QID26_1""}","{""ImportId"":""QID26_2""}","{""ImportId"":""QID26_3""}","{""ImportId"":""QID27_1""}","{""ImportId"":""QID27_2""}","{""ImportId"":""QID27_3""}","{""ImportId"":""QID28_1""}","{""ImportId"":""QID28_2""}","{""ImportId"":""QID28_3""}","{""ImportId"":""QID4""}","{""ImportId"":""QID4_DO""}","{""ImportId"":""QID9_x1""}","{""ImportId"":""QID9_x2""}","{""ImportId"":""QID9_x3""}","{""ImportId"":""QID9_x4""}","{""ImportId"":""QID9_x5""}","{""ImportId"":""QID9_x6""}","{""ImportId"":""QID9_x7""}","{""ImportId"":""QID9_x8""}","{""ImportId"":""QID9_x9""}","{""ImportId"":""QID9_x10""}","{""ImportId"":""QID9_DO""}","{""ImportId"":""QID11""}","{""ImportId"":""QID11_DO""}","{""ImportId"":""QID15_x1""}","{""ImportId"":""QID15_x2""}","{""ImportId"":""QID15_x3""}","{""ImportId"":""QID15_x4""}","{""ImportId"":""QID15_x5""}","{""ImportId"":""QID15_x6""}","{""ImportId"":""QID15_x7""}","{""ImportId"":""QID15_x8""}","{""ImportId"":""QID15_x9""}","{""ImportId"":""QID15_x10""}","{""ImportId"":""QID15_DO""}","{""ImportId"":""QID12""}","{""ImportId"":""QID12_DO""}","{""ImportId"":""QID16_x1""}","{""ImportId"":""QID16_x2""}","{""ImportId"":""QID16_x3""}","{""ImportId"":""QID16_x4""}","{""ImportId"":""QID16_x5""}","{""ImportId"":""QID16_x6""}","{""ImportId"":""QID16_x7""}","{""ImportId"":""QID16_x8""}","{""ImportId"":""QID16_x9""}","{""ImportId"":""QID16_x10""}","{""ImportId"":""QID16_DO""}","{""ImportId"":""QID29""}","{""ImportId"":""QID31""}","{""ImportId"":""QID34""}","{""ImportId"":""QID34_6_TEXT""}","{""ImportId"":""QID32_TEXT""}","{""ImportId"":""QID33""}","{""ImportId"":""FL_6_DO""}","{""ImportId"":""BL_9ELDHt2WdGo4izk_DO""}"
2022-12-15 10:01:01,2022-12-15 10:10:10,0,108.7.78.173,100,549,1,2022-12-15 10:10:11,R_2SkOOR0BF5svtFL,,,,42.2803,-71.25,anonymous,EN,,,,,,,,,,,,,,,,,,,,,,,,,,,,,,,8,7|1|6|8|5|2|10|9|3|4,,,,,,,,9,,,8,2,5|1|6|7|2|8|9|4|10|3,,1,,,,,,,,,2,1,3|2|4|1|5|7|10|6|8|9,0,,,,,,,,,,1,1,2,1,,20,3,Behavior|Intent,
2022-12-15 10:09:04,2022-12-15 10:13:13,0,65.112.8.16,100,249,1,2022-12-15 10:13:13,R_3JgcV9adOI9IcBD,,,,42.3737,-71.1284,anonymous,EN,0,0,0,7,6,0,8,4,2,5,4,8,0,0,0,5,6,6,7,5,1,5,0,1,4,4,8,6,2,1,,,,,,,,,,,,,,,,,,,,,,,,,,,,,,,,,,,,,,,,1,2,4,,23,3,Intent|Behavior,Intent | Sick|Intent | Party|Intent | WYD|Intent | Museum|Intent | Missed Show|Intent | Friday|Intent | Oolong Tea|Intent | Bored|Intent | Lunch|Intent | Common Room
2022-12-15 10:11:08,2022-12-15 10:13:33,0,65.112.8.51,100,145,1,2022-12-15 10:13:34,R_2dZnXfsyQ0Zqc8w,,,,42.3737,-71.1284,anonymous,EN,7,7,0,8,8,0,10,6,0,0,0,10,7,7,0,0,7,9,2,3,0,10,0,0,0,0,10,10,0,0,,,,,,,,,,,,,,,,,,,,,,,,,,,,,,,,,,,,,,,,7,2,4,,21,3,Intent|Behavior,Intent | Common Room|Intent | Party|Intent | Missed Show|Intent | Museum|Intent | Bored|Intent | Friday|Intent | Sick|Intent | Oolong Tea|Intent | Lunch|Intent | WYD
2022-12-15 10:14:43,2022-12-15 10:17:19,0,65.112.8.22,100,155,1,2022-12-15 10:17:20,R_VVlv0WY321WASCl,,,,42.3737,-71.1284,anonymous,EN,,,,,,,,,,,,,,,,,,,,,,,,,,,,,,,"2,5,6,8",9|10|7|3|8|2|1|4|5|6,,6,,,8,4,,8,,,8|2|6|5,"1,4,8",9|1|4|6|3|8|5|10|2|7,7,,,8,,,,7,,,8|4|1,"4,9",7|1|9|5|8|3|6|2|10|4,,,,9,,,,,7,,4|9,4,2,1,,20,3,Behavior|Intent,
2022-12-15 10:12:18,2022-12-15 10:20:22,0,166.198.21.86,100,484,1,2022-12-15 10:20:23,R_1dMMuIo19OkL0HX,,,,42.3562,-71.0631,anonymous,EN,,,,,,,,,,,,,,,,,,,,,,,,,,,,,,,"2,3,6,7,8",6|7|10|9|3|4|1|8|5|2,,4,9,,,7,2,8,,,8|7|2|3|6,"1,2,3,4,6,9,10",8|3|5|6|4|1|7|2|10|9,4,7,5,9,,6,,,3,8,6|9|2|10|4|3|1,"1,4,5,9,10",7|4|6|2|3|1|8|9|10|5,3,,,9,7,,,,4,4,4|10|5|1|9,1,3,4,,23,4,Behavior|Intent,
2022-12-15 10:19:02,2022-12-15 10:24:00,0,65.112.8.16,100,298,1,2022-12-15 10:24:01,R_2sR1QcY5KAGmGNo,,,,42.3737,-71.1284,anonymous,EN,4,8,5,8,8,2,9,5,0,1,3,10,2,8,4,3,8,5,8,4,6,10,5,0,5,5,10,8,6,3,,,,,,,,,,,,,,,,,,,,,,,,,,,,,,,,,,,,,,,,4,2,4,,24,3,Intent|Behavior,Intent | Friday|Intent | WYD|Intent | Party|Intent | Sick|Intent | Bored|Intent | Lunch|Intent | Missed Show|Intent | Common Room|Intent | Oolong Tea|Intent | Museum
2022-12-15 10:19:02,2022-12-15 10:25:10,0,162.231.6.141,100,368,1,2022-12-15 10:25:11,R_33wH3sFGmWZIbYS,,,,33.8242,-118.268,anonymous,EN,,,,,,,,,,,,,,,,,,,,,,,,,,,,,,,"1,2,3,4,6,7,8,10",3|7|5|10|2|9|1|4|8|6,8,8,10,7,,9,9,9,,7,8|7|2|6|4|3|10|1,"2,3",6|2|5|8|7|10|9|4|1|3,,9,8,,,,,,,,2|3,"4,9,10",4|8|9|1|5|7|6|2|3|10,,,,10,,,,,8,6,4|9|10,6,2,4,,21,2,Behavior|Intent,
2022-12-15 10:27:22,2022-12-15 10:31:10,0,65.112.8.23,100,227,1,2022-12-15 10:31:10,R_3CBlhQv4Yu1WLMG,,,,42.3737,-71.1284,anonymous,EN,4,4,5,9,2,0,7,4,0,3,4,9,2,6,8,4,4,5,5,7,4,8,1,0,4,1,6,3,5,1,,,,,,,,,,,,,,,,,,,,,,,,,,,,,,,,,,,,,,,,1,1,1,,22,3,Intent|Behavior,Intent | Oolong Tea|Intent | WYD|Intent | Bored|Intent | Common Room|Intent | Friday|Intent | Missed Show|Intent | Sick|Intent | Lunch|Intent | Party|Intent | Museum
2022-12-15 10:27:58,2022-12-15 10:32:08,0,72.182.44.19,100,250,1,2022-12-15 10:32:08,R_29djifeUfb6II6L,,,,30.3471,-97.7649,anonymous,EN,2,10,5,7,10,0,10,8,3,5,5,5,2,10,5,2,10,5,10,5,0,10,5,0,5,3,10,7,1,6,,,,,,,,,,,,,,,,,,,,,,,,,,,,,,,,,,,,,,,,1,1,3,,24,"1,2",Intent|Behavior,Intent | WYD|Intent | Sick|Intent | Lunch|Intent | Friday|Intent | Party|Intent | Missed Show|Intent | Bored|Intent | Oolong Tea|Intent | Museum|Intent | Common Room
2022-12-15 10:44:11,2022-12-15 10:47:53,0,65.112.8.28,100,221,1,2022-12-15 10:47:53,R_3qgwp6isoc09wGy,,,,42.3737,-71.1284,anonymous,EN,0,7,10,4,8,4,7,2,2,0,2,10,0,7,10,3,7,10,7,3,2,10,0,0,1,2,10,5,1,5,,,,,,,,,,,,,,,,,,,,,,,,,,,,,,,,,,,,,,,,6,1,1,,22,3,Intent|Behavior,Intent | Friday|Intent | WYD|Intent | Bored|Intent | Oolong Tea|Intent | Missed Show|Intent | Sick|Intent | Common Room|Intent | Museum|Intent | Lunch|Intent | Party
2022-12-15 10:48:54,2022-12-15 10:53:10,0,172.58.221.250,100,255,1,2022-12-15 10:53:10,R_3fpXlqzWOOeEqOC,,,,42.364,-71.0265,anonymous,EN,,,,,,,,,,,,,,,,,,,,,,,,,,,,,,,"3,5,6,8,9,10",4|1|3|10|8|9|5|6|2|7,,,10,,10,9,,10,8,6,9|8|10|3|6|5,"1,2,3,6,7",10|1|3|6|4|9|7|8|2|5,7,10,7,,,6,8,,,,6|2|1|7|3,"1,4",10|9|3|2|4|6|1|7|5|8,3,,,2,,,,,,,1|4,1,2,4,,19,"1,2,4",Behavior|Intent,
2022-12-15 10:16:32,2022-12-15 10:55:48,0,107.222.110.218,100,2356,1,2022-12-15 10:55:49,R_b4wjfRk2IJzoWs1,,,,30.1038,-95.5057,anonymous,EN,3,7,5,5,4,0,6,4,0,0,0,8,3,7,5,3,7,5,6,4,0,10,0,0,5,4,5,6,3,0,,,,,,,,,,,,,,,,,,,,,,,,,,,,,,,,,,,,,,,,4,1,1,,20,3,Intent|Behavior,Intent | Party|Intent | Missed Show|Intent | Bored|Intent | Oolong Tea|Intent | Sick|Intent | Lunch|Intent | WYD|Intent | Friday|Intent | Museum|Intent | Common Room
2022-12-15 10:56:32,2022-12-15 10:58:32,0,65.112.8.21,100,120,1,2022-12-15 10:58:33,R_1OABmWA3Kkx9ChN,,,,42.3737,-71.1284,anonymous,EN,,,,,,,,,,,,,,,,,,,,,,,,,,,,,,,"2,6,8,10",3|1|9|10|5|6|4|7|8|2,,9,,,,10,,10,,10,10|8|6|2,"3,4,7,9",3|4|2|1|10|9|8|6|5|7,,,2,1,,,10,,7,,9|7|3|4,"4,5",4|8|5|2|9|6|3|7|1|10,,,,9,10,,,,,,5|4,4,2,1,,20,3,Behavior|Intent,
2022-12-15 10:10:11,2022-12-15 11:25:06,0,65.112.8.28,100,4495,1,2022-12-15 11:25:06,R_1oAsySpYj8CYzzY,,,,42.3737,-71.1284,anonymous,EN,3,5,7,10,5,1,8,4,1,5,2,7,4,6,8,0,0,0,8,5,2,8,3,2,8,6,6,8,4,6,,,,,,,,,,,,,,,,,,,,,,,,,,,,,,,,,,,,,,,,1,2,2,,19,3,Intent|Behavior,Intent | Common Room|Intent | Museum|Intent | Bored|Intent | WYD|Intent | Lunch|Intent | Sick|Intent | Missed Show|Intent | Party|Intent | Friday|Intent | Oolong Tea
2022-12-15 11:33:59,2022-12-15 11:38:18,0,65.112.8.48,100,259,1,2022-12-15 11:38:19,R_1ih7PKnarvi6LfP,,,,42.3737,-71.1284,anonymous,EN,,,,,,,,,,,,,,,,,,,,,,,,,,,,,,,"7,8",1|3|5|8|7|6|2|9|4|10,,,,,,,7,7,,,7|8,"1,2,3,6",10|5|9|6|7|2|1|3|8|4,6,7,9,,,8,,,,,1|2|6|3,"1,4,5,7,9,10",6|8|10|4|3|1|9|7|5|2,6,,,7,3,,8,,8,6,1|7|5|10|4|9,1,1,1,,20,4,Behavior|Intent,
2022-12-15 11:33:11,2022-12-15 11:38:40,0,72.93.84.46,100,328,1,2022-12-15 11:38:41,R_2Xbnxr477rmE5BS,,,,42.3388,-71.0726,anonymous,EN,4,6,10,5,5,1,7,6,0,1,1,10,4,6,10,4,5,10,10,5,0,7,2,2,2,1,8,10,3,2,,,,,,,,,,,,,,,,,,,,,,,,,,,,,,,,,,,,,,,,1,1,3,,22,3,Intent|Behavior,Intent | Missed Show|Intent | Museum|Intent | Party|Intent | WYD|Intent | Sick|Intent | Friday|Intent | Common Room|Intent | Lunch|Intent | Oolong Tea|Intent | Bored
2022-12-15 11:35:16,2022-12-15 11:39:33,0,65.112.8.58,100,257,1,2022-12-15 11:39:34,R_2PvB8EfbAmQrpsd,,,,42.3737,-71.1284,anonymous,EN,2,8,4,6,10,0,6,7,0,1,5,9,2,8,4,2,8,4,6,4,2,6,6,2,2,5,8,4,4,4,,,,,,,,,,,,,,,,,,,,,,,,,,,,,,,,,,,,,,,,1,2,1,,21,3,Intent|Behavior,Intent | Sick|Intent | Bored|Intent | Oolong Tea|Intent | Friday|Intent | Missed Show|Intent | Lunch|Intent | Common Room|Intent | WYD|Intent | Party|Intent | Museum
2022-12-15 11:36:18,2022-12-15 11:39:49,0,65.112.8.59,100,211,1,2022-12-15 11:39:50,R_1jwSv54W5Obk3AO,,,,42.3737,-71.1284,anonymous,EN,,,,,,,,,,,,,,,,,,,,,,,,,,,,,,,"2,3,6,7,8",10|4|9|3|7|2|8|6|1|5,,10,8,,,9,10,8,,,6|8|7|3|2,"1,2,3,4,6",4|5|3|2|10|6|7|9|8|1,10,9,8,4,,8,,,,,6|1|2|4|3,"4,5,9,10",5|7|6|1|10|3|9|2|4|8,,,,10,8,,,,10,4,5|10|9|4,4,1,1,,21,3,Behavior|Intent,
2022-12-15 11:37:20,2022-12-15 11:41:27,0,71.202.130.7,100,246,1,2022-12-15 11:41:27,R_1gqqq0Jvz5TAols,,,,37.6652,-121.8734,anonymous,EN,2,5,8,9,6,0,9,2,0,3,0,9,1,4,8,1,4,8,8,3,0,10,2,0,3,6,6,9,2,0,,,,,,,,,,,,,,,,,,,,,,,,,,,,,,,,,,,,,,,,4,2,1,,21,3,Intent|Behavior,Intent | Missed Show|Intent | Oolong Tea|Intent | Lunch|Intent | Bored|Intent | WYD|Intent | Common Room|Intent | Museum|Intent | Party|Intent | Friday|Intent | Sick
2022-12-15 11:38:40,2022-12-15 11:41:38,0,65.112.8.60,100,178,1,2022-12-15 11:41:38,R_2axWnE8lG8WynTH,,,,42.3737,-71.1284,anonymous,EN,,,,,,,,,,,,,,,,,,,,,,,,,,,,,,,"2,3,5,6,7,8,10",9|6|3|2|4|10|1|7|5|8,,4,6,,4,8,7,10,,9,10|5|7|8|2|6|3,"1,2,4,8,9,10",10|9|2|3|6|7|1|4|5|8,7,4,,7,,,,5,10,7,9|4|2|10|1|8,"1,4,5,9",8|6|3|7|4|2|1|10|5|9,7,,,9,7,,,,10,,1|4|5|9,1,2,4,,18,3,Behavior|Intent,
2022-12-15 11:41:59,2022-12-15 11:45:13,0,65.112.8.54,100,194,1,2022-12-15 11:45:13,R_2scf3YVSrshylIB,,,,42.3737,-71.1284,anonymous,EN,2,7,1,5,4,1,8,4,0,4,4,7,2,7,1,1,7,4,7,4,0,5,3,4,2,2,8,8,0,0,,,,,,,,,,,,,,,,,,,,,,,,,,,,,,,,,,,,,,,,4,2,1,,20,3,Intent|Behavior,Intent | Lunch|Intent | WYD|Intent | Missed Show|Intent | Sick|Intent | Oolong Tea|Intent | Party|Intent | Museum|Intent | Friday|Intent | Bored|Intent | Common Room
2022-12-15 11:46:38,2022-12-15 11:50:16,0,65.112.8.139,100,217,1,2022-12-15 11:50:17,R_wNQQifKdhh1y9Ed,,,,42.3737,-71.1284,anonymous,EN,0,5,5,4,8,0,9,1,0,0,0,10,4,6,4,3,7,5,6,4,0,7,3,0,0,3,7,5,0,5,,,,,,,,,,,,,,,,,,,,,,,,,,,,,,,,,,,,,,,,"1,6",2,1,,20,4,Intent|Behavior,Intent | Lunch|Intent | Oolong Tea|Intent | Friday|Intent | Party|Intent | WYD|Intent | Missed Show|Intent | Museum|Intent | Sick|Intent | Common Room|Intent | Bored
2022-12-15 12:03:36,2022-12-15 12:08:13,0,65.112.8.131,100,277,1,2022-12-15 12:08:14,R_24oozMIFP1kaoYL,,,,42.3737,-71.1284,anonymous,EN,,,,,,,,,,,,,,,,,,,,,,,,,,,,,,,"2,3,6,8",2|9|8|4|6|3|10|1|7|5,,2,3,,,6,,6,,,6|8|2|3,"1,2,3,7,9,10",2|3|4|6|5|1|10|8|7|9,4,6,8,,,,8,,1,8,10|9|1|2|3|7,"1,4,5,9,10",4|7|1|9|2|6|8|10|5|3,8,,,3,3,,,,4,6,9|5|1|10|4,4,1,1,,21,3,Behavior|Intent,
2022-12-15 12:16:41,2022-12-15 12:19:23,0,65.112.8.55,100,161,1,2022-12-15 12:19:23,R_broH0MJgleLJwNr,,,,42.3737,-71.1284,anonymous,EN,,,,,,,,,,,,,,,,,,,,,,,,,,,,,,,"3,5,8",9|3|8|4|6|1|5|2|7|10,,,6,,6,,,7,,,3|5|8,"3,5,6,8",10|6|3|9|1|4|7|5|8|2,,,9,,2,7,,7,,,5|3|8|6,"1,4,9",3|7|9|1|2|8|4|10|5|6,5,,,6,,,,,1,,4|9|1,1,1,1,,21,3,Behavior|Intent,
2022-12-15 12:13:57,2022-12-15 12:21:50,0,65.112.8.16,100,472,1,2022-12-15 12:21:50,R_rfBZnOOP7KezuUN,,,,42.3737,-71.1284,anonymous,EN,4,9,7,10,5,0,10,2,0,7,5,2,4,9,7,4,9,7,10,2,0,10,2,0,5,8,8,10,3,1,,,,,,,,,,,,,,,,,,,,,,,,,,,,,,,,,,,,,,,,1,1,1,,21,3,Intent|Behavior,Intent | Museum|Intent | Friday|Intent | Party|Intent | Bored|Intent | WYD|Intent | Common Room|Intent | Oolong Tea|Intent | Lunch|Intent | Sick|Intent | Missed Show
2022-12-15 12:23:05,2022-12-15 12:26:17,0,65.112.8.55,100,192,1,2022-12-15 12:26:18,R_22mi0cCtgjPa4zx,,,,42.3737,-71.1284,anonymous,EN,,,,,,,,,,,,,,,,,,,,,,,,,,,,,,,"2,3,5,6,7,8,10",3|1|8|10|4|9|2|5|6|7,,6,8,,4,8,8,8,,6,7|8|5|2|3|6|10,"2,3,4,5,8,9,10",4|7|10|3|6|8|5|9|2|1,,7,8,5,7,,,7,3,7,10|8|3|5|9|2|4,"1,4,9",5|2|9|10|7|6|8|1|4|3,7,,,7,,,,,7,,9|4|1,4,2,1,,19,3,Behavior|Intent,
2022-12-15 12:22:23,2022-12-15 12:26:48,0,65.112.8.30,100,264,1,2022-12-15 12:26:48,R_2s7vVEeXpc8qc7H,,,,42.3737,-71.1284,anonymous,EN,5,9,2,9,4,0,9,3,0,5,6,6,5,9,2,5,9,2,6,2,0,9,2,0,5,5,6,9,4,0,,,,,,,,,,,,,,,,,,,,,,,,,,,,,,,,,,,,,,,,4,2,4,,20,3,Intent|Behavior,Intent | Oolong Tea|Intent | Museum|Intent | Bored|Intent | Sick|Intent | Friday|Intent | Common Room|Intent | Party|Intent | Lunch|Intent | Missed Show|Intent | WYD
2022-12-15 12:25:31,2022-12-15 12:29:29,0,73.69.145.173,100,237,1,2022-12-15 12:29:29,R_1l9qvQH1QlnvLaa,,,,42.364,-71.0265,anonymous,EN,3,7,8,5,8,5,4,3,4,5,5,6,3,7,8,3,7,8,4,6,4,3,2,10,3,3,10,7,5,5,,,,,,,,,,,,,,,,,,,,,,,,,,,,,,,,,,,,,,,,4,2,1,,20,3,Intent|Behavior,Intent | WYD|Intent | Party|Intent | Bored|Intent | Friday|Intent | Museum|Intent | Lunch|Intent | Sick|Intent | Common Room|Intent | Missed Show|Intent | Oolong Tea
2022-12-15 12:27:26,2022-12-15 12:31:45,0,92.222.10.101,100,259,1,2022-12-15 12:31:46,R_XuAVuoQp93s0YCZ,,,,48.8323,2.4075,anonymous,EN,2,8,8,7,7,0,10,2,0,7,2,7,0,0,0,2,8,8,10,3,0,10,3,0,2,6,10,8,4,8,,,,,,,,,,,,,,,,,,,,,,,,,,,,,,,,,,,,,,,,7,1,1,,20,3,Intent|Behavior,Intent | Missed Show|Intent | Sick|Intent | Friday|Intent | Bored|Intent | Oolong Tea|Intent | Museum|Intent | Party|Intent | Common Room|Intent | WYD|Intent | Lunch
2022-12-15 12:29:29,2022-12-15 12:32:58,0,65.112.8.49,100,208,1,2022-12-15 12:32:59,R_1FQwKVO0O40IfhZ,,,,42.3737,-71.1284,anonymous,EN,,,,,,,,,,,,,,,,,,,,,,,,,,,,,,,"3,5,6,7,8",3|7|2|10|4|5|9|1|6|8,,,5,,5,3,5,8,,,3|6|7|5|8,"2,3,5,6,7,8,10",7|2|6|10|4|5|3|9|1|8,,5,7,,5,4,7,7,,7,8|3|7|2|6|10|5,3,6|7|4|5|2|3|9|8|10|1,,,0,,,,,,,,3,"1,4",1,1,,20,3,Behavior|Intent,
2022-12-15 12:31:47,2022-12-15 12:36:01,0,174.210.167.150,100,253,1,2022-12-15 12:36:01,R_1mE1NVdO7Zd5teb,,,,38.9887,-94.6341,anonymous,EN,0,4,9,9,3,0,10,2,0,8,5,1,0,7,9,0,6,9,8,1,0,10,2,0,0,2,10,10,0,0,,,,,,,,,,,,,,,,,,,,,,,,,,,,,,,,,,,,,,,,1,2,5,,21,3,Intent|Behavior,Intent | Bored|Intent | Oolong Tea|Intent | Common Room|Intent | Lunch|Intent | Museum|Intent | Friday|Intent | Party|Intent | WYD|Intent | Sick|Intent | Missed Show
2022-12-15 12:33:16,2022-12-15 12:36:50,0,65.112.8.18,100,213,1,2022-12-15 12:36:50,R_3j7YLqtsPS6uBbd,,,,42.3737,-71.1284,anonymous,EN,,,,,,,,,,,,,,,,,,,,,,,,,,,,,,,8,4|10|7|8|3|5|1|2|9|6,,,,,,,,10,,,8,"1,5",10|6|5|7|1|2|4|9|8|3,5,,,,9,,,,,,5|1,4,5|6|1|8|9|2|4|7|3|10,,,,6,,,,,,,4,4,2,4,,22,3,Behavior|Intent,
2022-12-15 12:58:47,2022-12-15 13:02:23,0,64.28.250.5,100,215,1,2022-12-15 13:02:24,R_3necjErATnUm1RN,,,,32.7446,-97.3842,anonymous,EN,,,,,,,,,,,,,,,,,,,,,,,,,,,,,,,"2,5,6,7,8,10",3|1|10|2|6|8|7|5|9|4,,3,,,4,2,8,7,,4,8|10|6|5|2|7,"1,2,3,5,6,7",5|8|1|6|3|7|9|4|10|2,6,8,5,,1,8,10,,,,1|2|7|6|3|5,"4,5,9",9|7|2|3|6|4|8|5|10|1,,,,6,8,,,,6,,4|5|9,"1,6",2,4,,22,"1,2",Behavior|Intent,
2022-12-15 13:29:25,2022-12-15 13:32:41,0,86.29.91.247,100,196,1,2022-12-15 13:32:42,R_3g25flN5amaD0oP,,,,51.543,0.1302,anonymous,EN,3,7,0,4,5,0,10,0,0,8,2,5,2,5,7,4,4,7,7,2,0,8,0,0,4,6,8,4,7,0,,,,,,,,,,,,,,,,,,,,,,,,,,,,,,,,,,,,,,,,4,1,1,,19,3,Intent|Behavior,Intent | Sick|Intent | Oolong Tea|Intent | Museum|Intent | Lunch|Intent | Friday|Intent | Party|Intent | Common Room|Intent | Bored|Intent | Missed Show|Intent | WYD
2022-12-15 13:32:17,2022-12-15 13:36:16,0,65.112.8.18,100,238,1,2022-12-15 13:36:17,R_bKKIcdlFCjH5qNj,,,,42.3737,-71.1284,anonymous,EN,,,,,,,,,,,,,,,,,,,,,,,,,,,,,,,"2,6,7",4|7|2|10|9|8|3|5|6|1,,7,,,,8,8,,,,7|2|6,"2,3,6,7",7|8|6|1|3|2|5|10|9|4,,10,8,,,6,8,,,,6|2|7|3,"4,5,9",4|8|10|3|6|5|2|9|1|7,,,,4,1,,,,8,,9|5|4,1,1,1,,23,4,Behavior|Intent,
2022-12-15 13:59:12,2022-12-15 14:03:50,0,65.112.8.29,100,278,1,2022-12-15 14:03:50,R_3p3Y2CrI5coW2ox,,,,42.3737,-71.1284,anonymous,EN,7,6,3,6,6,1,9,4,1,3,3,6,8,6,4,8,6,4,9,2,2,6,4,1,2,3,6,8,5,3,,,,,,,,,,,,,,,,,,,,,,,,,,,,,,,,,,,,,,,,1,3,6,,19,3,Intent|Behavior,Intent | Friday|Intent | Common Room|Intent | Party|Intent | Missed Show|Intent | Oolong Tea|Intent | WYD|Intent | Sick|Intent | Bored|Intent | Lunch|Intent | Museum
2022-12-15 14:05:59,2022-12-15 14:13:23,0,65.112.8.48,100,443,1,2022-12-15 14:13:24,R_262rspcz6xC33MO,,,,42.3737,-71.1284,anonymous,EN,,,,,,,,,,,,,,,,,,,,,,,,,,,,,,,"2,3,6,8,10",10|2|9|4|6|1|7|5|3|8,,6,8,,,7,,4,,2,8|6|3|10|2,"1,2,3,6,7,8",6|4|5|9|2|8|1|3|10|7,7,9,8,,,8,6,5,,,7|6|8|3|2|1,"1,4,9",4|5|3|2|1|7|8|9|6|10,6,,,4,,,,,8,,1|9|4,"1,4",2,5,,22,"2,3",Behavior|Intent,
2022-12-15 14:23:18,2022-12-15 14:32:20,0,65.112.8.29,100,542,1,2022-12-15 14:32:21,R_1Nftk79bxet3gzw,,,,42.3737,-71.1284,anonymous,EN,2,10,0,2,10,0,7,5,0,5,5,5,2,10,0,2,10,0,10,3,0,8,2,0,0,1,10,4,7,5,,,,,,,,,,,,,,,,,,,,,,,,,,,,,,,,,,,,,,,,4,2,1,,21,3,Intent|Behavior,Intent | Oolong Tea|Intent | Bored|Intent | Common Room|Intent | Missed Show|Intent | WYD|Intent | Friday|Intent | Sick|Intent | Museum|Intent | Party|Intent | Lunch
2022-12-15 14:36:32,2022-12-15 14:43:18,0,65.112.9.2,100,406,1,2022-12-15 14:43:20,R_3erxPLi4y0F6Dlh,,,,42.3737,-71.1284,anonymous,EN,5,9,2,7,4,0,8,2,0,3,5,8,5,9,2,5,9,2,4,2,2,8,2,2,4,3,7,9,3,1,,,,,,,,,,,,,,,,,,,,,,,,,,,,,,,,,,,,,,,,1,2,4,,20,3,Intent|Behavior,Intent | Bored|Intent | WYD|Intent | Friday|Intent | Sick|Intent | Museum|Intent | Oolong Tea|Intent | Missed Show|Intent | Lunch|Intent | Party|Intent | Common Room
2022-12-15 15:42:58,2022-12-15 15:51:29,0,65.112.8.24,100,510,1,2022-12-15 15:51:29,R_SBEBTvUYMf2ruQ9,,,,42.3737,-71.1284,anonymous,EN,,,,,,,,,,,,,,,,,,,,,,,,,,,,,,,"3,4,6,8,10",6|4|1|5|8|10|7|9|2|3,,,8,2,,7,,6,,3,4|3|8|6|10,"1,2,3,6,8,10",1|2|6|7|3|10|4|5|9|8,9,7,10,,,8,,5,,6,3|10|2|1|6|8,"4,5,9",8|7|10|6|1|2|9|4|5|3,,,,8,10,,,,8,,4|9|5,"1,6",1,1,,21,"2,3",Behavior|Intent,
2022-12-15 16:02:50,2022-12-15 16:10:23,0,65.112.8.55,100,452,1,2022-12-15 16:10:23,R_9pDvHpC8ZGzbMg9,,,,42.3737,-71.1284,anonymous,EN,,,,,,,,,,,,,,,,,,,,,,,,,,,,,,,"3,6,10",2|1|5|10|8|6|3|9|4|7,,,8,,,10,,,,5,6|3|10,"2,3,5,6,7,10",2|1|8|5|9|7|10|3|4|6,,7,9,,6,10,6,,,7,3|7|2|6|5|10,"1,4,5,9",3|10|6|1|8|4|9|7|5|2,7,,,4,8,,,,7,,4|5|1|9,4,2,1,,21,"2,3",Behavior|Intent,
2022-12-15 16:01:46,2022-12-15 16:18:27,0,65.112.8.60,100,1000,1,2022-12-15 16:18:27,R_1DGCV6BO2L4EsTf,,,,42.3737,-71.1284,anonymous,EN,0,10,8,0,10,0,10,0,0,0,0,10,0,10,8,0,10,8,8,6,0,10,0,0,0,0,10,10,0,0,,,,,,,,,,,,,,,,,,,,,,,,,,,,,,,,,,,,,,,,4,1,1,,20,3,Intent|Behavior,Intent | Oolong Tea|Intent | Friday|Intent | Common Room|Intent | Museum|Intent | WYD|Intent | Bored|Intent | Missed Show|Intent | Lunch|Intent | Sick|Intent | Party
2022-12-15 17:00:56,2022-12-15 17:04:30,0,84.212.100.169,100,213,1,2022-12-15 17:04:30,R_5nC1O7SOIM8VUZz,,,,59.955,10.859,anonymous,EN,2,7,4,5,7,1,5,7,0,5,5,5,2,7,5,1,9,5,7,4,1,9,0,0,5,3,7,7,2,5,,,,,,,,,,,,,,,,,,,,,,,,,,,,,,,,,,,,,,,,1,2,1,,22,3,Intent|Behavior,Intent | Common Room|Intent | Missed Show|Intent | Party|Intent | Museum|Intent | Friday|Intent | Lunch|Intent | Bored|Intent | WYD|Intent | Oolong Tea|Intent | Sick
2022-12-15 17:02:43,2022-12-15 17:06:28,0,98.255.152.143,100,225,1,2022-12-15 17:06:28,R_urCdMyZsIDSwQ4V,,,,38.6283,-121.3307,anonymous,EN,,,,,,,,,,,,,,,,,,,,,,,,,,,,,,,"2,3,5,7,8,10",2|4|10|7|9|3|1|8|5|6,,3,3,,5,,7,8,,5,5|7|3|10|2|8,"1,2,6",1|3|8|5|6|9|2|7|4|10,8,8,,,,5,,,,,2|1|6,"4,9",10|1|6|7|9|2|5|8|4|3,,,,7,,,,,6,,4|9,6,2,1,,20,3,Behavior|Intent,
2022-12-15 16:51:46,2022-12-15 17:06:48,0,65.112.8.21,100,902,1,2022-12-15 17:06:49,R_ujH9wybdJBamg0N,,,,42.3737,-71.1284,anonymous,EN,0,3,7,1,9,0,3,7,0,0,0,10,0,3,7,0,3,7,4,5,1,5,5,0,0,1,9,4,2,4,,,,,,,,,,,,,,,,,,,,,,,,,,,,,,,,,,,,,,,,1,1,1,,21,3,Intent|Behavior,Intent | Oolong Tea|Intent | Party|Intent | Museum|Intent | Sick|Intent | Missed Show|Intent | Lunch|Intent | Common Room|Intent | WYD|Intent | Friday|Intent | Bored
2022-12-15 10:08:28,2022-12-15 17:06:48,0,65.112.8.17,100,25100,1,2022-12-15 17:06:49,R_2QQ9WlGI2QVihUh,,,,42.3737,-71.1284,anonymous,EN,2,2,6,2,8,0,6,4,0,0,0,10,2,2,6,0,3,7,1,6,3,4,6,0,0,1,9,4,2,4,,,,,,,,,,,,,,,,,,,,,,,,,,,,,,,,,,,,,,,,1,1,1,,21,3,Intent|Behavior,Intent | Missed Show|Intent | Sick|Intent | Museum|Intent | Common Room|Intent | WYD|Intent | Party|Intent | Bored|Intent | Lunch|Intent | Friday|Intent | Oolong Tea
2022-12-15 17:02:12,2022-12-15 17:07:04,0,73.73.54.197,100,291,1,2022-12-15 17:07:04,R_1JPexoxtSp5lriO,,,,41.792,-88.166,anonymous,EN,4,6,9,8,3,1,9,4,0,3,3,8,1,4,7,1,4,7,8,4,0,8,3,0,3,0,8,7,4,2,,,,,,,,,,,,,,,,,,,,,,,,,,,,,,,,,,,,,,,,4,1,1,,21,3,Intent|Behavior,Intent | WYD|Intent | Lunch|Intent | Museum|Intent | Party|Intent | Friday|Intent | Oolong Tea|Intent | Sick|Intent | Common Room|Intent | Bored|Intent | Missed Show
2022-12-15 15:32:00,2022-12-15 17:19:02,0,65.112.8.60,100,6421,1,2022-12-15 17:19:02,R_3q8yUrmpGuba1xO,,,,42.3737,-71.1284,anonymous,EN,,,,,,,,,,,,,,,,,,,,,,,,,,,,,,,"2,3,6,7,8,10",10|5|9|1|2|7|8|6|4|3,,7,3,,,5,6,9,,1,6|10|3|2|8|7,1,2|3|8|1|7|4|6|5|9|10,3,,,,,,,,,,1,"4,5,9",8|5|7|9|10|2|6|4|3|1,,,,1,8,,,,0,,4|5|9,4,3,4,,19,"3,4",Behavior|Intent,
2022-12-15 10:30:00,2022-12-15 17:47:30,0,76.113.178.12,100,26250,1,2022-12-15 17:47:30,R_WpUc4mmEUsVhnUd,,,,44.7601,-93.2748,anonymous,EN,,,,,,,,,,,,,,,,,,,,,,,,,,,,,,,"4,5,8,10",10|1|9|5|6|8|3|2|7|4,,,,9,9,,,5,,5,4|5|8|10,"1,2,9",4|6|8|3|9|5|10|7|1|2,1,4,,,,,,,0,,9|2|1,"4,5,9",2|7|1|3|8|9|4|6|5|10,,,,6,2,,,,0,,5|4|9,2,2,1,,20,3,Behavior|Intent,
2022-12-15 17:45:24,2022-12-15 17:48:33,0,128.103.24.19,100,188,1,2022-12-15 17:48:33,R_20Md4Wc1pW6sxwt,,,,42.3737,-71.1284,anonymous,EN,,,,,,,,,,,,,,,,,,,,,,,,,,,,,,,"3,6,7,10",3|7|10|2|4|8|6|9|5|1,,,8,,,9,9,,,7,7|3|10|6,"2,3,6,7,8,9,10",3|2|4|7|6|5|10|9|8|1,,8,10,,,9,10,7,9,10,9|3|2|6|7|8|10,"1,3,4,5,7,9,10",9|5|6|3|1|8|10|4|2|7,9,,9,8,8,,10,,10,0,5|9|1|4|10|7|3,"1,4",2,4,,22,"2,3",Behavior|Intent,
2022-12-15 17:50:33,2022-12-15 17:53:23,0,65.112.8.30,100,169,1,2022-12-15 17:53:23,R_1FRMVaRQbk7SV5C,,,,42.3737,-71.1284,anonymous,EN,,,,,,,,,,,,,,,,,,,,,,,,,,,,,,,"2,6,8",5|9|10|7|2|6|4|1|3|8,,7,,,,4,,4,,,6|2|8,"2,8,9,10",2|10|4|3|7|8|9|6|5|1,,5,,,,,,3,1,2,9|10|8|2,"4,8,9,10",1|4|3|7|6|8|10|2|9|5,,,,4,,,,1,6,2,9|8|4|10,1,2,4,,19,"3,4",Behavior|Intent,
2022-12-15 17:51:19,2022-12-15 17:54:31,0,1.64.158.14,100,192,1,2022-12-15 17:54:32,R_PCl6LVe4wRkTiud,,,,22.2908,114.1501,anonymous,EN,1,1,8,7,7,1,8,4,1,8,2,5,1,1,7,1,1,7,9,1,3,8,1,1,1,1,9,8,6,3,,,,,,,,,,,,,,,,,,,,,,,,,,,,,,,,,,,,,,,,4,1,1,,20,"2,3",Intent|Behavior,Intent | WYD|Intent | Friday|Intent | Oolong Tea|Intent | Party|Intent | Museum|Intent | Bored|Intent | Lunch|Intent | Missed Show|Intent | Sick|Intent | Common Room
2022-12-15 17:54:06,2022-12-15 17:59:11,0,66.31.40.135,100,304,1,2022-12-15 17:59:11,R_3CURHsttq2Awk0W,,,,42.3907,-71.1349,anonymous,EN,,,,,,,,,,,,,,,,,,,,,,,,,,,,,,,"2,3,4,6,7,8,10",9|5|4|7|6|8|10|3|1|2,,5,7,4,,6,2,2,,4,6|10|8|3|7|4|2,"2,3,4,7,9",5|6|1|8|7|9|3|4|2|10,,8,6,7,,,4,,3,,2|4|3|7|9,"4,9",3|8|2|7|6|10|1|9|5|4,,,,9,,,,,9,,9|4,4,2,1,,21,3,Behavior|Intent,
2022-12-15 17:30:04,2022-12-15 18:02:25,0,107.115.17.69,100,1940,1,2022-12-15 18:02:25,R_2wKqwgKmn4caxve,,,,42.3562,-71.0631,anonymous,EN,,,,,,,,,,,,,,,,,,,,,,,,,,,,,,,"2,3,5,8,10",3|2|8|6|10|7|9|1|4|5,,6,10,,4,,,7,,10,10|5|2|3|8,"2,3,7,8,10",6|4|3|2|5|8|1|10|9|7,,9,10,,,,8,8,,10,8|3|10|7|2,"4,5",4|2|6|5|1|7|3|10|9|8,,,,8,7,,,,,,5|4,4,2,1,,21,"2,3",Behavior|Intent,
2022-12-15 18:01:56,2022-12-15 18:04:45,0,24.62.177.226,100,169,1,2022-12-15 18:04:45,R_2ZCS0x6nghSL9EI,,,,42.3907,-71.1349,anonymous,EN,,,,,,,,,,,,,,,,,,,,,,,,,,,,,,,"2,6,8,10",6|3|9|1|7|5|8|2|4|10,,0,,,,0,,0,,0,6|2|10|8,"2,3,4,7,9",1|5|3|10|2|4|7|9|8|6,,0,0,0,,,0,,0,,9|7|2|4|3,"1,4,5,10",7|1|5|9|3|6|2|10|4|8,0,,,0,0,,,,,0,5|10|1|4,1,1,1,,23,1,Behavior|Intent,
2022-12-15 18:13:09,2022-12-15 18:21:28,0,65.112.8.58,100,498,1,2022-12-15 18:21:28,R_BwWVVdfWm1scf6h,,,,42.3737,-71.1284,anonymous,EN,,,,,,,,,,,,,,,,,,,,,,,,,,,,,,,"1,2,3,6,7",5|9|10|3|7|2|8|4|6|1,5,9,6,,,7,9,,,,2|6|1|7|3,"1,2,3,8,9",10|3|8|1|5|4|2|6|9|7,6,8,5,,,,,7,4,,3|1|8|9|2,"1,4,5,9",6|2|8|4|9|3|5|1|10|7,6,,,4,2,,,,6,,4|9|1|5,4,1,1,,21,3,Behavior|Intent,
2022-12-15 18:20:00,2022-12-15 18:22:30,0,5.181.234.102,100,150,1,2022-12-15 18:22:31,R_3HBWeOW7Mn0W0rf,,,,40.7157,-74,anonymous,EN,,,,,,,,,,,,,,,,,,,,,,,,,,,,,,,"2,3,5,6,7,8,10",9|4|7|8|5|10|6|3|2|1,,5,9,,6,9,10,6,,9,8|6|3|5|10|2|7,"1,2,4,6",8|2|6|10|7|3|9|4|1|5,10,10,,10,,8,,,,,1|4|2|6,4,6|2|3|5|9|1|10|4|8|7,,,,10,,,,,,,4,4,1,1,,22,3,Behavior|Intent,
2022-12-15 18:45:33,2022-12-15 18:48:10,0,174.67.210.80,100,157,1,2022-12-15 18:48:11,R_28YgBoXn44XCsu3,,,,33.6907,-117.8173,anonymous,EN,2,9,5,6,8,0,8,1,0,4,0,9,2,9,5,0,0,0,9,1,0,9,1,0,4,6,6,10,0,0,,,,,,,,,,,,,,,,,,,,,,,,,,,,,,,,,,,,,,,,4,2,1,,19,3,Intent|Behavior,Intent | Friday|Intent | Party|Intent | Bored|Intent | Sick|Intent | Lunch|Intent | Museum|Intent | Missed Show|Intent | WYD|Intent | Oolong Tea|Intent | Common Room
2022-12-15 19:00:10,2022-12-15 19:04:28,0,65.112.8.21,100,258,1,2022-12-15 19:04:28,R_2eRMCq8lpkqUCUW,,,,42.3737,-71.1284,anonymous,EN,,,,,,,,,,,,,,,,,,,,,,,,,,,,,,,"6,7",10|1|9|4|7|2|3|8|6|5,,,,,,6,2,,,,7|6,"2,4,6,7,8,10",1|4|9|3|5|8|6|2|7|10,,8,,2,,4,3,4,,5,10|4|7|8|2|6,"1,4",6|7|3|8|10|5|2|4|9|1,5,,,7,,,,,,,1|4,4,2,1,,21,3,Behavior|Intent,
2022-12-15 18:51:21,2022-12-15 19:05:57,0,107.122.189.24,100,876,1,2022-12-15 19:05:58,R_3KTHxjh0U78TEwN,,,,42.2903,-71.0798,anonymous,EN,5,10,0,6,8,0,8,2,0,2,4,9,0,10,3,5,10,0,6,6,3,8,4,0,1,6,10,8,7,0,,,,,,,,,,,,,,,,,,,,,,,,,,,,,,,,,,,,,,,,1,2,1,,20,3,Intent|Behavior,Intent | WYD|Intent | Party|Intent | Common Room|Intent | Oolong Tea|Intent | Bored|Intent | Lunch|Intent | Missed Show|Intent | Friday|Intent | Sick|Intent | Museum
2022-12-15 19:13:57,2022-12-15 19:16:30,0,173.48.47.230,100,153,1,2022-12-15 19:16:31,R_2RTU3VqcaGi2fbi,,,,42.3935,-71.1836,anonymous,EN,4,6,2,10,7,1,7,8,3,5,7,9,7,6,8,6,3,1,4,6,3,8,8,1,6,4,7,7,6,2,,,,,,,,,,,,,,,,,,,,,,,,,,,,,,,,,,,,,,,,4,2,1,,21,"2,3",Intent|Behavior,Intent | Bored|Intent | Oolong Tea|Intent | Party|Intent | Lunch|Intent | WYD|Intent | Common Room|Intent | Missed Show|Intent | Friday|Intent | Sick|Intent | Museum
2022-12-15 19:18:21,2022-12-15 19:21:26,0,24.91.6.30,100,185,1,2022-12-15 19:21:27,R_3isgD3gzX6Jy8ZX,,,,42.3649,-71.0987,anonymous,EN,,,,,,,,,,,,,,,,,,,,,,,,,,,,,,,"2,3,6,8",8|7|4|2|5|3|6|10|9|1,,10,5,,,2,,4,,,2|6|8|3,"2,3,4,5,6,9",3|8|9|2|6|7|4|10|1|5,,9,7,2,9,6,,,5,,2|6|9|4|5|3,"1,4,5,7,9,10",5|3|7|9|10|8|2|6|1|4,3,,,3,7,,4,,5,7,9|5|4|7|1|10,"1,4",2,4,,22,"2,3",Behavior|Intent,
2022-12-15 19:24:17,2022-12-15 19:28:06,0,66.30.118.45,100,229,1,2022-12-15 19:28:07,R_3sbv5wj0BxIm84W,,,,42.3907,-71.1349,anonymous,EN,4,6,8,9,9,5,9,2,2,5,3,10,6,2,9,7,5,4,9,7,3,8,5,3,5,6,7,6,6,6,,,,,,,,,,,,,,,,,,,,,,,,,,,,,,,,,,,,,,,,1,1,3,,22,3,Intent|Behavior,Intent | Lunch|Intent | Common Room|Intent | Missed Show|Intent | Friday|Intent | Bored|Intent | Museum|Intent | WYD|Intent | Sick|Intent | Oolong Tea|Intent | Party
2022-12-15 19:25:25,2022-12-15 19:28:40,0,67.134.204.77,100,194,1,2022-12-15 19:28:40,R_2CVwDUYoZwNszZz,,,,42.3737,-71.1284,anonymous,EN,0,10,9,0,8,0,9,9,0,3,0,9,10,0,0,0,0,10,4,6,0,10,7,0,2,5,10,5,6,4,,,,,,,,,,,,,,,,,,,,,,,,,,,,,,,,,,,,,,,,1,2,1,,21,3,Intent|Behavior,Intent | Oolong Tea|Intent | Party|Intent | Common Room|Intent | Friday|Intent | Lunch|Intent | Missed Show|Intent | Museum|Intent | Sick|Intent | Bored|Intent | WYD
2022-12-15 19:37:41,2022-12-15 19:41:13,0,70.110.137.162,100,211,1,2022-12-15 19:41:13,R_3JzpOFqJhOTOPmH,,,,40.0022,-75.3008,anonymous,EN,1,2,7,5,5,0,7,3,0,2,1,7,3,5,2,9,1,0,8,2,0,8,2,0,4,1,5,3,3,4,,,,,,,,,,,,,,,,,,,,,,,,,,,,,,,,,,,,,,,,4,1,1,,19,3,Intent|Behavior,Intent | Missed Show|Intent | Common Room|Intent | Lunch|Intent | Bored|Intent | Museum|Intent | Party|Intent | WYD|Intent | Sick|Intent | Oolong Tea|Intent | Friday
2022-12-15 19:48:54,2022-12-15 19:54:13,0,71.105.160.71,100,318,1,2022-12-15 19:54:13,R_1dbDrERWpjmozvl,,,,40.7915,-73.6924,anonymous,EN,,,,,,,,,,,,,,,,,,,,,,,,,,,,,,,"2,3",6|3|2|8|7|5|1|4|10|9,,4,8,,,,,,,,2|3,"1,5,6,7",9|6|3|7|8|4|5|2|1|10,8,,,,1,6,2,,,,1|5|7|6,"5,9",7|10|5|8|4|6|9|2|1|3,,,,,6,,,,1,,9|5,1,1,1,,21,3,Behavior|Intent,
2022-12-15 19:56:36,2022-12-15 20:01:55,0,74.101.206.92,100,319,1,2022-12-15 20:01:56,R_2wcBCRgi7Guxnyu,,,,40.7683,-73.9802,anonymous,EN,0,10,1,8,9,1,10,7,3,3,2,10,10,2,10,8,3,8,10,7,1,10,2,0,2,10,7,10,3,5,,,,,,,,,,,,,,,,,,,,,,,,,,,,,,,,,,,,,,,,4,2,1,,20,"2,3",Intent|Behavior,Intent | Missed Show|Intent | Party|Intent | Common Room|Intent | Bored|Intent | Oolong Tea|Intent | Sick|Intent | Museum|Intent | Friday|Intent | WYD|Intent | Lunch
2022-12-15 20:00:07,2022-12-15 20:03:19,0,67.87.102.77,100,192,1,2022-12-15 20:03:19,R_0uIIEmvx0mszNhT,,,,40.8785,-72.9538,anonymous,EN,,,,,,,,,,,,,,,,,,,,,,,,,,,,,,,"2,3,8",3|9|8|6|5|10|2|1|7|4,,9,8,,,,,6,,,8|3|2,"2,3,6,7,8",10|8|3|4|9|5|7|2|6|1,,9,9,,,6,8,7,,,7|8|6|2|3,"4,5",5|4|3|1|7|6|8|2|9|10,,,,8,6,,,,,,4|5,1,2,1,,19,2,Behavior|Intent,
2022-12-15 20:00:42,2022-12-15 20:03:55,0,65.112.8.18,100,192,1,2022-12-15 20:03:55,R_1o1fydaJ4DwCVOG,,,,42.3737,-71.1284,anonymous,EN,,,,,,,,,,,,,,,,,,,,,,,,,,,,,,,"2,3,6,7,8",6|10|5|7|3|4|8|1|2|9,,1,2,,,9,6,7,,,7|2|6|3|8,"1,2,3,4,5,6,7,8,9,10",7|6|2|9|4|1|3|5|10|8,10,10,6,5,5,6,8,6,9,6,7|3|8|10|4|1|9|5|6|2,"4,5,9",6|5|7|3|9|2|10|1|4|8,,,,10,10,,,,4,,9|5|4,4,2,1,,21,3,Behavior|Intent,
2022-12-15 19:29:29,2022-12-15 20:06:25,0,65.112.8.16,100,2215,1,2022-12-15 20:06:25,R_0eLnpGIvpxWOFK9,,,,42.3737,-71.1284,anonymous,EN,4,6,10,6,7,0,8,4,0,5,2,7,10,0,1,7,7,7,8,3,0,9,0,1,3,1,7,9,1,4,,,,,,,,,,,,,,,,,,,,,,,,,,,,,,,,,,,,,,,,1,1,6,queer,22,2,Intent|Behavior,Intent | Friday|Intent | Lunch|Intent | WYD|Intent | Sick|Intent | Missed Show|Intent | Oolong Tea|Intent | Museum|Intent | Bored|Intent | Party|Intent | Common Room
2022-12-15 20:00:28,2022-12-15 20:06:31,0,65.112.8.59,100,362,1,2022-12-15 20:06:32,R_31MAW3FMpGnLDPw,,,,42.3737,-71.1284,anonymous,EN,2,6,9,6,4,5,7,4,0,3,1,9,8,1,5,7,2,4,8,2,2,8,1,0,5,1,3,7,2,5,,,,,,,,,,,,,,,,,,,,,,,,,,,,,,,,,,,,,,,,1,2,1,,20,4,Intent|Behavior,Intent | Museum|Intent | Lunch|Intent | Sick|Intent | Common Room|Intent | Bored|Intent | Party|Intent | Friday|Intent | Missed Show|Intent | WYD|Intent | Oolong Tea
2022-12-15 20:09:24,2022-12-15 20:11:43,0,18.29.20.5,100,139,1,2022-12-15 20:11:43,R_2f8Q3VvxuEiFw0O,,,,42.3649,-71.0987,anonymous,EN,,,,,,,,,,,,,,,,,,,,,,,,,,,,,,,"2,3,6,7,8",4|3|5|8|1|9|2|10|7|6,,8,10,,,2,5,6,,,8|6|7|2|3,"1,4,9,10",9|5|4|8|7|2|6|3|1|10,10,,,9,,,,,6,3,9|10|1|4,"1,4,5",3|4|10|7|1|2|9|8|6|5,6,,,10,5,,,,,,1|4|5,4,1,3,,22,"2,4",Behavior|Intent,
2022-12-15 20:09:43,2022-12-15 20:12:35,0,98.18.64.167,100,172,1,2022-12-15 20:12:36,R_RDXOWVO0UgVEJLr,,,,40.5899,-98.3914,anonymous,EN,2,8,5,4,8,0,9,1,0,3,7,5,6,4,2,5,4,0,8,5,0,9,0,0,0,5,7,7,4,3,,,,,,,,,,,,,,,,,,,,,,,,,,,,,,,,,,,,,,,,1,2,1,,21,3,Intent|Behavior,Intent | WYD|Intent | Lunch|Intent | Party|Intent | Bored|Intent | Sick|Intent | Missed Show|Intent | Oolong Tea|Intent | Museum|Intent | Common Room|Intent | Friday
2022-12-15 20:09:52,2022-12-15 20:12:57,0,143.244.44.183,100,185,1,2022-12-15 20:12:57,R_b2srYcMFVHRSeu5,,,,40.7425,-73.9877,anonymous,EN,,,,,,,,,,,,,,,,,,,,,,,,,,,,,,,"2,4,6,8,10",9|7|10|1|5|8|2|3|6|4,,2,,1,,4,,8,,5,10|4|2|8|6,"1,7,9",3|10|9|6|4|8|5|7|2|1,2,,,,,,8,,4,,1|9|7,"1,4,5",7|10|8|6|9|3|4|1|5|2,3,,,10,7,,,,,,5|4|1,2,2,1,,21,4,Behavior|Intent,
2022-12-15 20:11:06,2022-12-15 20:13:22,0,66.31.28.187,100,136,1,2022-12-15 20:13:22,R_24wPFy6wuKy30Yh,,,,42.3907,-71.1349,anonymous,EN,0,4,8,8,4,0,6,0,0,2,2,10,6,4,6,6,4,0,6,0,2,8,0,0,0,0,10,6,0,3,,,,,,,,,,,,,,,,,,,,,,,,,,,,,,,,,,,,,,,,1,1,1,,21,3,Intent|Behavior,Intent | Museum|Intent | Lunch|Intent | Sick|Intent | WYD|Intent | Oolong Tea|Intent | Friday|Intent | Party|Intent | Bored|Intent | Missed Show|Intent | Common Room
2022-12-15 20:09:53,2022-12-15 20:13:35,0,65.112.8.18,100,222,1,2022-12-15 20:13:36,R_2PcZjvAun5gXA6t,,,,42.3737,-71.1284,anonymous,EN,,,,,,,,,,,,,,,,,,,,,,,,,,,,,,,"3,5,7,8,10",7|8|10|9|2|6|5|3|1|4,,,7,,3,,9,10,,4,5|10|8|7|3,"2,4,5,6,9,10",1|9|5|2|4|7|8|10|3|6,,9,,2,3,10,,,1,8,5|4|9|2|10|6,"4,5,9",8|9|7|10|6|5|3|1|4|2,,,,1,6,,,,9,,9|4|5,"1,6",1,3,,20,3,Behavior|Intent,
2022-12-15 20:11:12,2022-12-15 20:14:36,0,166.198.21.22,100,203,1,2022-12-15 20:14:36,R_2CkwCjMj4IxxzFg,,,,42.3562,-71.0631,anonymous,EN,,,,,,,,,,,,,,,,,,,,,,,,,,,,,,,"2,7,8,10",8|10|3|9|4|5|6|1|7|2,,5,,,,,8,9,,6,7|2|8|10,"1,2,4,9",5|10|7|3|8|6|1|4|2|9,10,7,,3,,,,,5,,9|4|1|2,"4,5,9",5|2|4|6|9|8|3|7|10|1,,,,8,8,,,,9,,5|9|4,"1,2,4",1,1,,19,3,Behavior|Intent,
2022-12-15 20:10:46,2022-12-15 20:14:39,0,67.185.56.54,100,233,1,2022-12-15 20:14:40,R_3qTFlFW53mvtVvw,,,,47.6295,-122.3165,anonymous,EN,2,8,8,3,9,2,6,9,2,1,2,10,7,3,8,7,6,4,4,8,8,8,3,5,2,3,8,5,5,5,,,,,,,,,,,,,,,,,,,,,,,,,,,,,,,,,,,,,,,,1,2,4,,22,3,Intent|Behavior,Intent | Missed Show|Intent | Sick|Intent | Bored|Intent | Oolong Tea|Intent | Friday|Intent | Party|Intent | Museum|Intent | Lunch|Intent | Common Room|Intent | WYD
2022-12-15 20:11:09,2022-12-15 20:14:49,0,108.41.210.77,100,220,1,2022-12-15 20:14:50,R_2zMdoLt0mQB7YlO,,,,41.1684,-73.8498,anonymous,EN,,,,,,,,,,,,,,,,,,,,,,,,,,,,,,,"2,3,6,7,8,9,10",6|8|7|9|4|5|3|10|2|1,,8,6,,,9,4,2,5,5,8|10|9|2|3|6|7,"2,4,5,6,10",2|4|6|9|7|10|3|1|8|5,,5,,8,8,9,,,,8,4|10|2|5|6,"4,5",1|7|2|3|8|9|6|5|4|10,,,,8,10,,,,,,5|4,4,2,1,,20,3,Behavior|Intent,
2022-12-15 20:13:38,2022-12-15 20:16:47,0,174.242.68.109,100,188,1,2022-12-15 20:16:47,R_tWh9g5Mdq2bu7kd,,,,42.3464,-71.0975,anonymous,EN,,,,,,,,,,,,,,,,,,,,,,,,,,,,,,,"7,8",3|9|6|1|2|4|8|7|10|5,,,,,,,9,7,,,8|7,8,5|3|8|7|9|4|1|2|10|6,,,,,,,,3,,,8,"4,5",2|4|5|6|8|1|3|9|10|7,,,,10,7,,,,,,5|4,4,2,1,,19,"3,4",Behavior|Intent,
2022-12-15 20:10:06,2022-12-15 20:17:15,0,65.112.8.27,100,429,1,2022-12-15 20:17:16,R_3EShDThep8nBSHr,,,,42.3737,-71.1284,anonymous,EN,,,,,,,,,,,,,,,,,,,,,,,,,,,,,,,"3,6,8,10",8|7|3|9|4|6|2|1|10|5,,,7,,,6,,9,,5,8|3|10|6,"2,4,8",7|9|3|10|2|1|6|5|4|8,,3,,6,,,,9,,,4|8|2,"3,4",6|2|4|8|9|1|5|3|10|7,,,5,10,,,,,,,3|4,1,1,3,,20,2,Behavior|Intent,
2022-12-15 20:11:03,2022-12-15 20:17:26,0,97.113.127.145,100,382,1,2022-12-15 20:17:26,R_3fW91aoOk5p9IFz,,,,47.54,-122.3032,anonymous,EN,4,4,6,8,4,2,8,0,0,3,2,7,6,0,4,6,3,0,8,0,0,8,1,0,6,1,3,6,1,4,,,,,,,,,,,,,,,,,,,,,,,,,,,,,,,,,,,,,,,,4,2,1,,19,"1,2",Intent|Behavior,Intent | Party|Intent | Bored|Intent | Oolong Tea|Intent | WYD|Intent | Common Room|Intent | Lunch|Intent | Missed Show|Intent | Friday|Intent | Museum|Intent | Sick
2022-12-15 20:08:30,2022-12-15 20:17:44,0,65.112.8.61,100,553,1,2022-12-15 20:17:44,R_1jre4qTMZq7pT9i,,,,42.3737,-71.1284,anonymous,EN,,,,,,,,,,,,,,,,,,,,,,,,,,,,,,,"2,3,4,5,8",8|6|9|10|2|7|1|5|3|4,,6,5,2,5,,,8,,,4|3|2|8|5,"2,3,4,6",2|6|7|8|10|4|5|1|3|9,,9,8,7,,8,,,,,2|6|4|3,"1,7,9,10",3|8|7|6|5|9|2|10|1|4,4,,,,,,3,,2,2,9|10|7|1,"1,6",1,1,,20,3,Behavior|Intent,
2022-12-15 20:13:51,2022-12-15 20:18:57,0,65.112.8.58,100,306,1,2022-12-15 20:18:58,R_2bQbdFbYSLti1wU,,,,42.3737,-71.1284,anonymous,EN,1,9,3,6,8,1,10,1,1,2,4,8,8,1,4,10,1,0,9,2,1,9,1,1,6,6,3,7,3,5,,,,,,,,,,,,,,,,,,,,,,,,,,,,,,,,,,,,,,,,"1,2,4",1,1,,23,3,Intent|Behavior,Intent | Bored|Intent | Common Room|Intent | Lunch|Intent | Missed Show|Intent | WYD|Intent | Oolong Tea|Intent | Friday|Intent | Sick|Intent | Party|Intent | Museum
2022-12-15 20:10:52,2022-12-15 20:21:15,0,65.112.8.25,100,623,1,2022-12-15 20:21:16,R_3pgJIw3fDvuUYax,,,,42.3737,-71.1284,anonymous,EN,3,8,5,9,6,0,10,5,0,10,5,3,10,5,0,6,6,0,10,5,0,10,5,0,7,7,0,9,6,0,,,,,,,,,,,,,,,,,,,,,,,,,,,,,,,,,,,,,,,,2,2,1,,19,3,Intent|Behavior,Intent | Bored|Intent | Sick|Intent | Friday|Intent | Party|Intent | Museum|Intent | WYD|Intent | Lunch|Intent | Oolong Tea|Intent | Common Room|Intent | Missed Show
2022-12-15 20:18:20,2022-12-15 20:26:03,0,65.112.8.19,100,463,1,2022-12-15 20:26:04,R_2ZEPohl7vqGVtwz,,,,42.3737,-71.1284,anonymous,EN,1,5,9,3,8,5,8,2,0,4,4,8,10,0,0,10,0,0,5,0,0,8,0,0,5,4,7,8,1,3,,,,,,,,,,,,,,,,,,,,,,,,,,,,,,,,,,,,,,,,6,1,1,,21,2,Intent|Behavior,Intent | Party|Intent | Friday|Intent | Common Room|Intent | Bored|Intent | Missed Show|Intent | Lunch|Intent | Museum|Intent | Oolong Tea|Intent | Sick|Intent | WYD
2022-12-15 20:17:45,2022-12-15 20:27:32,0,98.32.23.168,100,587,1,2022-12-15 20:27:33,R_1gnZEgfy0CdfZzF,,,,35.8663,-106.2676,anonymous,EN,2,6,8,3,9,1,8,6,1,1,1,9,5,3,7,8,2,2,6,7,4,9,1,0,0,0,10,5,4,3,,,,,,,,,,,,,,,,,,,,,,,,,,,,,,,,,,,,,,,,1,2,1,,20,3,Intent|Behavior,Intent | Friday|Intent | Missed Show|Intent | WYD|Intent | Sick|Intent | Bored|Intent | Oolong Tea|Intent | Lunch|Intent | Museum|Intent | Common Room|Intent | Party
2022-12-15 20:22:13,2022-12-15 20:30:00,0,136.34.192.235,100,466,1,2022-12-15 20:30:00,R_1NfPls1YHfKaOcE,,,,39.0397,-94.5936,anonymous,EN,1,8,6,3,7,3,5,7,1,2,2,6,3,5,7,4,5,2,4,6,0,8,6,0,2,4,9,7,8,5,,,,,,,,,,,,,,,,,,,,,,,,,,,,,,,,,,,,,,,,1,2,1,,21,2,Intent|Behavior,Intent | Oolong Tea|Intent | Party|Intent | Bored|Intent | Lunch|Intent | Museum|Intent | Common Room|Intent | Friday|Intent | WYD|Intent | Missed Show|Intent | Sick
2022-12-15 20:24:29,2022-12-15 20:30:19,0,209.99.214.28,100,349,1,2022-12-15 20:30:19,R_2zvGeXZExg5PpHD,,,,44.3102,-73.2285,anonymous,EN,,,,,,,,,,,,,,,,,,,,,,,,,,,,,,,"2,3,5,6,8,10",1|9|2|3|7|4|8|10|6|5,,6,10,,1,7,,2,,4,2|3|10|6|5|8,"1,2,4",5|9|1|3|7|2|4|8|6|10,4,9,,3,,,,,,,2|1|4,"4,9",6|1|10|8|4|9|5|7|2|3,,,,2,,,,,6,,9|4,2,2,4,,19,4,Behavior|Intent,
2022-12-15 20:26:38,2022-12-15 20:31:00,0,18.29.28.245,100,262,1,2022-12-15 20:31:01,R_1otXOWlUas0z6XL,,,,42.3649,-71.0987,anonymous,EN,,,,,,,,,,,,,,,,,,,,,,,,,,,,,,,"3,5,8,10",6|5|8|7|3|2|10|1|4|9,,,4,,2,,,8,,2,8|3|10|5,"2,3,4,6,8,10",6|7|2|4|8|10|5|9|1|3,,6,8,2,,8,,8,,8,8|3|6|2|4|10,"1,3,4,6,8,9,10",6|7|1|4|2|3|8|9|5|10,2,,6,4,,4,,4,6,9,1|8|3|10|6|4|9,"1,4,7",1,1,,22,3,Behavior|Intent,
2022-12-15 20:09:59,2022-12-15 20:35:14,0,65.112.8.56,100,1515,1,2022-12-15 20:35:14,R_3OcrYFh76vASMpc,,,,42.3737,-71.1284,anonymous,EN,0,6,8,5,7,0,7,8,1,0,4,10,6,0,6,10,5,1,5,7,5,7,7,0,3,4,8,5,5,4,,,,,,,,,,,,,,,,,,,,,,,,,,,,,,,,,,,,,,,,2,1,1,,21,3,Intent|Behavior,Intent | Missed Show|Intent | Museum|Intent | Common Room|Intent | Party|Intent | Bored|Intent | Sick|Intent | WYD|Intent | Friday|Intent | Oolong Tea|Intent | Lunch
2022-12-15 20:27:15,2022-12-15 20:36:36,0,73.69.59.90,100,561,1,2022-12-15 20:36:37,R_12rGSZgl3vMqJpU,,,,42.3464,-71.0975,anonymous,EN,,,,,,,,,,,,,,,,,,,,,,,,,,,,,,,"1,2,7,9",5|6|9|7|2|1|8|4|3|10,0,2,,,,,4,,0,,7|2|9|1,"1,2,7,9",9|1|3|7|4|5|8|10|2|6,0,0,,,,,3,,0,,2|7|1|9,"1,2,3,6,7,8",8|5|9|4|3|6|7|1|10|2,0,0,6,,,10,0,8,,,6|7|2|8|3|1,1,2,1,,22,2,Behavior|Intent,
2022-12-15 20:18:41,2022-12-15 20:36:50,0,76.88.130.102,100,1089,1,2022-12-15 20:36:51,R_1Cw3ckJmQrUx8WJ,,,,21.3266,-157.8621,anonymous,EN,,,,,,,,,,,,,,,,,,,,,,,,,,,,,,,"3,4,5,6,7,8",3|1|9|10|8|4|5|2|7|6,,,2,5,4,3,2,8,,,3|5|6|8|4|7,"1,2,3,4,6,7,8,9",1|10|4|8|7|3|2|6|9|5,6,8,7,3,,6,4,5,5,,4|7|9|6|8|2|3|1,"4,5,8,9,10",5|7|6|9|1|8|4|3|10|2,,,,7,6,,,5,7,4,4|5|8|10|9,"4,5",2,2,,20,"3,4",Behavior|Intent,
2022-12-15 20:32:09,2022-12-15 20:37:06,0,65.112.8.60,100,296,1,2022-12-15 20:37:06,R_vCZznpSx5plDsGJ,,,,42.3737,-71.1284,anonymous,EN,4,9,7,5,6,3,6,3,0,5,6,9,2,0,2,7,1,1,5,8,1,8,3,0,4,3,7,7,3,4,,,,,,,,,,,,,,,,,,,,,,,,,,,,,,,,,,,,,,,,"1,4",2,1,,21,4,Intent|Behavior,Intent | Museum|Intent | Missed Show|Intent | Sick|Intent | Common Room|Intent | Lunch|Intent | Bored|Intent | Oolong Tea|Intent | Party|Intent | WYD|Intent | Friday
2022-12-15 20:43:01,2022-12-15 20:47:31,0,65.112.8.19,100,269,1,2022-12-15 20:47:31,R_TaYd2CFo7N5stoJ,,,,42.3737,-71.1284,anonymous,EN,,,,,,,,,,,,,,,,,,,,,,,,,,,,,,,"3,7,10",5|2|4|9|1|7|3|10|6|8,,,6,,,,8,,,7,3|10|7,"2,3,9",4|1|9|8|5|2|6|7|10|3,,10,8,,,,,,7,,3|9|2,1,9|7|10|4|1|6|5|8|2|3,1,,,,,,,,,,1,1,3,2,,21,1,Behavior|Intent,
2022-12-15 20:37:25,2022-12-15 20:49:48,0,73.61.8.33,100,742,1,2022-12-15 20:49:48,R_2BnaUnISjnR0CDu,,,,42.3388,-71.0726,anonymous,EN,,,,,,,,,,,,,,,,,,,,,,,,,,,,,,,"3,4,6,7,8,10",5|7|2|4|8|6|1|10|9|3,,,10,4,,10,10,10,,7,4|6|7|8|10|3,"1,2,3,4,6,8,9,10",9|8|2|4|7|3|5|6|10|1,10,10,8,7,,8,,1,3,10,9|2|4|1|6|10|3|8,"1,4,5,9,10",2|1|7|3|10|8|5|6|9|4,10,,,4,10,,,,10,9,5|1|9|4|10,1,2,4,,21,3,Behavior|Intent,
2022-12-15 20:49:22,2022-12-15 20:54:01,0,68.82.168.251,100,278,1,2022-12-15 20:54:01,R_2q4dnOar3CrX5GQ,,,,39.9668,-75.1512,anonymous,EN,2,4,8,8,5,4,10,5,1,8,1,8,7,1,7,10,8,1,8,3,7,10,7,1,7,2,10,10,1,4,,,,,,,,,,,,,,,,,,,,,,,,,,,,,,,,,,,,,,,,"1,2",2,4,,20,4,Intent|Behavior,Intent | Friday|Intent | Oolong Tea|Intent | WYD|Intent | Museum|Intent | Bored|Intent | Sick|Intent | Party|Intent | Common Room|Intent | Lunch|Intent | Missed Show
2022-12-15 20:56:15,2022-12-15 20:59:28,0,174.236.0.191,100,193,1,2022-12-15 20:59:28,R_294aOUGZynmoIGv,,,,35.7475,-97.9276,anonymous,EN,,,,,,,,,,,,,,,,,,,,,,,,,,,,,,,"2,7,10",9|10|3|6|5|4|7|8|1|2,,6,,,,,10,,,7,2|7|10,"1,3,6,8",2|7|6|3|4|10|5|9|1|8,7,,9,,,9,,9,,,8|6|1|3,"4,9",3|1|9|8|4|10|5|7|6|2,,,,2,,,,,0,,9|4,"2,4",2,1,,20,"3,4",Behavior|Intent,
2022-12-15 20:03:19,2022-12-15 21:01:30,0,65.112.8.25,100,3491,1,2022-12-15 21:01:30,R_3fvjKDT4ssCAY0b,,,,42.3737,-71.1284,anonymous,EN,,,,,,,,,,,,,,,,,,,,,,,,,,,,,,,"8,10",3|2|9|1|5|7|4|10|8|6,,,,,,,,10,,3,10|8,"2,3,6,7,10",3|1|7|6|9|4|5|2|8|10,,6,10,,,10,8,,,5,6|3|10|7|2,"1,4,5,9,10",5|8|4|9|1|2|7|6|10|3,8,,,10,8,,,,6,7,4|5|10|9|1,6,1,3,,21,3,Behavior|Intent,
2022-12-15 20:25:23,2022-12-15 21:05:43,0,65.112.8.23,100,2419,1,2022-12-15 21:05:43,R_3NPo7fL6FBo6MZk,,,,42.3737,-71.1284,anonymous,EN,5,5,0,8,4,0,7,3,0,3,4,6,6,2,0,6,0,0,6,3,0,6,3,0,7,4,0,8,2,0,,,,,,,,,,,,,,,,,,,,,,,,,,,,,,,,,,,,,,,,6,1,1,,21,3,Intent|Behavior,Intent | Museum|Intent | Party|Intent | Bored|Intent | Oolong Tea|Intent | Missed Show|Intent | Common Room|Intent | WYD|Intent | Lunch|Intent | Sick|Intent | Friday
2022-12-15 21:05:43,2022-12-15 21:08:56,0,65.112.8.20,100,192,1,2022-12-15 21:08:56,R_2P85vG60Ssac34B,,,,42.3737,-71.1284,anonymous,EN,5,3,8,5,5,0,5,1,0,3,0,2,3,0,0,5,1,0,5,1,0,4,0,0,3,1,3,3,0,0,,,,,,,,,,,,,,,,,,,,,,,,,,,,,,,,,,,,,,,,7,3,4,,1,1,Intent|Behavior,Intent | Friday|Intent | Party|Intent | Lunch|Intent | Bored|Intent | Oolong Tea|Intent | Missed Show|Intent | WYD|Intent | Common Room|Intent | Museum|Intent | Sick
2022-12-15 21:05:44,2022-12-15 21:09:30,0,190.1.234.211,100,226,1,2022-12-15 21:09:30,R_1ewUbPpVX3Dq3Z6,,,,3.4129,-76.5191,anonymous,EN,3,8,6,2,8,1,9,2,0,4,2,4,6,0,0,8,1,0,7,0,0,5,0,1,4,5,4,6,2,1,,,,,,,,,,,,,,,,,,,,,,,,,,,,,,,,,,,,,,,,6,1,4,,22,3,Intent|Behavior,Intent | Missed Show|Intent | Party|Intent | WYD|Intent | Sick|Intent | Friday|Intent | Common Room|Intent | Oolong Tea|Intent | Lunch|Intent | Bored|Intent | Museum
2022-12-15 21:11:37,2022-12-15 21:17:01,0,73.69.86.41,100,324,1,2022-12-15 21:17:02,R_2v34wOZDqkkQrPE,,,,43.6171,-72.9636,anonymous,EN,,,,,,,,,,,,,,,,,,,,,,,,,,,,,,,"2,3,5,6,7,8,10",9|2|5|1|8|7|4|6|10|3,,10,6,,6,6,7,10,,6,2|6|3|8|10|5|7,"1,2,3,4,5,6,7,8,9,10",2|8|4|5|6|9|1|3|10|7,10,7,6,4,5,7,6,6,10,6,4|1|3|9|10|8|6|5|2|7,"4,5,9,10",6|8|3|4|1|2|5|7|10|9,,,,10,7,,,,9,7,5|4|9|10,1,2,1,,22,4,Behavior|Intent,
2022-12-15 21:16:36,2022-12-15 21:20:48,0,65.112.8.27,100,252,1,2022-12-15 21:20:48,R_z7oI6dnD6LDEpfH,,,,42.3737,-71.1284,anonymous,EN,5,4,2,6,1,0,10,0,0,7,0,0,8,0,0,9,0,1,7,2,0,7,0,0,3,3,7,7,0,0,,,,,,,,,,,,,,,,,,,,,,,,,,,,,,,,,,,,,,,,6,1,6,,20,4,Intent|Behavior,Intent | WYD|Intent | Bored|Intent | Sick|Intent | Party|Intent | Museum|Intent | Oolong Tea|Intent | Friday|Intent | Missed Show|Intent | Lunch|Intent | Common Room
2022-12-15 21:18:51,2022-12-15 21:25:27,0,65.112.8.49,100,395,1,2022-12-15 21:25:28,R_1qh9xhoO5MD2wem,,,,42.3737,-71.1284,anonymous,EN,2,5,6,7,4,1,8,8,3,6,4,5,8,8,8,3,5,5,5,5,3,6,0,3,1,7,8,7,7,5,,,,,,,,,,,,,,,,,,,,,,,,,,,,,,,,,,,,,,,,4,2,1,,21,4,Intent|Behavior,Intent | Museum|Intent | Missed Show|Intent | Oolong Tea|Intent | Friday|Intent | Lunch|Intent | Bored|Intent | Common Room|Intent | Party|Intent | WYD|Intent | Sick
2022-12-15 21:30:57,2022-12-15 21:34:15,0,67.134.205.25,100,198,1,2022-12-15 21:34:16,R_1112Hd2KqmCpZQy,,,,42.3737,-71.1284,anonymous,EN,,,,,,,,,,,,,,,,,,,,,,,,,,,,,,,"2,7,8,10",2|7|8|9|5|6|3|10|4|1,,8,,,,,7,7,,5,7|2|8|10,"4,6,9,10",6|10|8|7|5|1|3|2|9|4,,,,7,,8,,,4,8,6|9|4|10,"1,4,9",2|9|5|6|7|10|3|1|8|4,6,,,8,,,,,4,,4|1|9,1,2,4,,22,4,Behavior|Intent,
2022-12-15 21:35:07,2022-12-15 21:47:41,0,160.72.231.4,100,753,1,2022-12-15 21:47:41,R_1q4WAC66qy0EMKh,,,,42.3427,-71.0922,anonymous,EN,2,8,0,6,8,0,8,8,0,0,0,9,8,1,0,5,5,0,7,3,0,8,4,0,0,0,8,6,8,0,,,,,,,,,,,,,,,,,,,,,,,,,,,,,,,,,,,,,,,,7,3,6,Pansexual,29,3,Intent|Behavior,Intent | Friday|Intent | Bored|Intent | Missed Show|Intent | Common Room|Intent | Museum|Intent | Oolong Tea|Intent | WYD|Intent | Party|Intent | Sick|Intent | Lunch
2022-12-15 21:59:40,2022-12-15 22:03:19,0,65.112.8.49,100,218,1,2022-12-15 22:03:19,R_2pVU3IG6APWCMrE,,,,42.3737,-71.1284,anonymous,EN,,,,,,,,,,,,,,,,,,,,,,,,,,,,,,,"6,8,10",8|9|6|4|3|2|10|1|7|5,,,,,,6,,3,,5,6|8|10,"2,3,4,10",2|9|5|10|7|4|1|3|6|8,,7,6,4,,,,,,7,4|3|10|2,"4,5,9",3|9|8|2|4|7|1|6|10|5,,,,7,5,,,,5,,5|9|4,4,2,1,,22,4,Behavior|Intent,
2022-12-15 20:15:17,2022-12-15 22:08:28,0,65.112.8.28,100,6791,1,2022-12-15 22:08:28,R_2CqPpiDnofliKZn,,,,42.3737,-71.1284,anonymous,EN,,,,,,,,,,,,,,,,,,,,,,,,,,,,,,,"7,8",5|2|7|6|8|4|3|1|9|10,,,,,,,6,4,,,7|8,"2,3,4,5",4|10|5|2|1|7|9|8|6|3,,5,4,6,3,,,,,,5|4|3|2,"1,4,9",6|8|3|5|9|4|10|1|7|2,3,,,6,,,,,4,,1|4|9,1,2,1,,21,3,Behavior|Intent,
2022-12-15 22:48:41,2022-12-15 22:52:34,0,174.216.242.5,100,232,1,2022-12-15 22:52:34,R_2V2bfeXozEF9TQe,,,,40.7809,-73.9502,anonymous,EN,5,7,5,7,7,0,8,6,2,5,3,8,5,3,7,8,6,2,9,3,0,8,2,0,4,3,6,6,4,4,,,,,,,,,,,,,,,,,,,,,,,,,,,,,,,,,,,,,,,,1,2,4,,19,3,Intent|Behavior,Intent | Bored|Intent | WYD|Intent | Party|Intent | Common Room|Intent | Missed Show|Intent | Sick|Intent | Oolong Tea|Intent | Lunch|Intent | Friday|Intent | Museum
2022-12-15 22:50:52,2022-12-15 22:58:17,0,149.34.244.176,100,444,1,2022-12-15 22:58:17,R_BDrLKGmuFA7hkmR,,,,52.3759,4.8975,anonymous,EN,,,,,,,,,,,,,,,,,,,,,,,,,,,,,,,"2,3,4,6,7,8,10",8|7|1|5|9|6|3|10|4|2,,3,9,5,,8,9,8,,7,2|6|8|4|3|7|10,"2,3,6,7,8,10",7|9|2|8|1|4|5|10|3|6,,5,9,,,9,9,6,,7,3|6|7|2|10|8,"2,4,5,6,7,9,10",2|6|1|8|3|4|7|5|9|10,,6,,8,5,7,8,,6,9,5|9|6|10|4|2|7,2,2,6,Questioning,19,3,Behavior|Intent,
2022-12-15 23:13:48,2022-12-15 23:17:11,0,65.112.8.55,100,203,1,2022-12-15 23:17:12,R_8ulS33HjS4Swz4t,,,,42.3737,-71.1284,anonymous,EN,,,,,,,,,,,,,,,,,,,,,,,,,,,,,,,"2,3,5,6,7,8,10",7|10|2|4|5|6|9|1|8|3,,7,8,,6,5,6,8,,5,10|2|6|7|5|3|8,"1,2,3,4,6,9,10",3|7|4|5|8|10|1|6|2|9,8,7,9,5,,9,,,6,9,6|9|3|2|4|1|10,"1,4,9,10",4|10|2|1|9|3|7|8|6|5,9,,,6,,,,,6,7,10|9|1|4,1,1,1,,20,3,Behavior|Intent,
2022-12-15 23:20:19,2022-12-15 23:24:26,0,65.112.8.58,100,247,1,2022-12-15 23:24:27,R_2amfuzFyl9xaGTI,,,,42.3737,-71.1284,anonymous,EN,3,7,5,5,7,0,8,8,2,5,5,7,5,3,5,6,5,1,8,4,0,7,5,0,4,5,7,6,4,4,,,,,,,,,,,,,,,,,,,,,,,,,,,,,,,,,,,,,,,,1,1,1,,19,"2,3",Intent|Behavior,Intent | Missed Show|Intent | Party|Intent | Bored|Intent | Sick|Intent | WYD|Intent | Friday|Intent | Lunch|Intent | Common Room|Intent | Museum|Intent | Oolong Tea
2022-12-15 10:35:47,2022-12-15 23:44:31,0,65.112.8.51,100,47323,1,2022-12-15 23:44:31,R_2ZUHzxsfm7GW80U,,,,42.3737,-71.1284,anonymous,EN,,,,,,,,,,,,,,,,,,,,,,,,,,,,,,,7,10|2|8|6|4|7|3|5|1|9,,,,,,,8,,,,7,"2,6",1|7|8|5|2|3|9|10|4|6,,10,,,,6,,,,,2|6,9,10|2|8|3|1|7|6|5|9|4,,,,,,,,,9,,9,4,1,1,,21,3,Behavior|Intent,
2022-12-16 00:55:37,2022-12-16 01:00:11,0,65.112.8.49,100,274,1,2022-12-16 01:00:12,R_2rvHBmrpgfI9oZz,,,,42.3737,-71.1284,anonymous,EN,1,7,3,8,8,0,8,8,2,5,6,8,7,5,7,9,9,0,8,6,0,3,3,1,4,7,8,5,8,5,,,,,,,,,,,,,,,,,,,,,,,,,,,,,,,,,,,,,,,,4,3,5,,19,"2,3",Intent|Behavior,Intent | Oolong Tea|Intent | Party|Intent | Museum|Intent | Lunch|Intent | Bored|Intent | WYD|Intent | Missed Show|Intent | Common Room|Intent | Sick|Intent | Friday
2022-12-16 01:15:44,2022-12-16 01:20:12,0,174.242.64.204,100,267,1,2022-12-16 01:20:12,R_2WMDRGJOucUh2rN,,,,42.3768,-71.0611,anonymous,EN,4,2,6,5,5,0,8,5,0,5,0,3,6,0,6,7,0,0,5,0,0,5,2,2,0,0,6,4,0,6,,,,,,,,,,,,,,,,,,,,,,,,,,,,,,,,,,,,,,,,4,2,1,,22,3,Intent|Behavior,Intent | Lunch|Intent | Friday|Intent | Oolong Tea|Intent | WYD|Intent | Common Room|Intent | Museum|Intent | Bored|Intent | Sick|Intent | Party|Intent | Missed Show
2022-12-16 01:49:17,2022-12-16 01:52:03,0,65.112.8.26,100,165,1,2022-12-16 01:52:03,R_1gbWakY6ZKIaeLg,,,,42.3737,-71.1284,anonymous,EN,,,,,,,,,,,,,,,,,,,,,,,,,,,,,,,"2,3,5,6,7,8,9,10",9|3|4|5|1|2|10|6|8|7,,6,10,,4,9,7,9,4,5,8|7|6|3|2|5|10|9,"1,2,3,4,6,7,8,9,10",9|8|3|1|5|10|4|6|2|7,7,7,9,8,,9,5,9,9,6,8|9|6|3|4|7|10|2|1,"1,3,4,6,9",4|9|8|7|3|5|2|6|1|10,7,,7,9,,7,,,8,,9|4|3|1|6,4,2,1,,21,"3,4",Behavior|Intent,
2022-12-16 04:13:10,2022-12-16 04:16:35,0,38.104.7.174,100,205,1,2022-12-16 04:16:36,R_1LXQCc7RRaJlH24,,,,42.3514,-71.0421,anonymous,EN,,,,,,,,,,,,,,,,,,,,,,,,,,,,,,,"1,2,3,4,6,7,8,9",5|9|1|7|6|10|8|4|3|2,6,8,5,2,,7,9,10,6,,6|4|2|8|3|1|7|9,"1,2,3,4,6,7,8,9,10",2|6|8|7|3|4|1|9|5|10,9,9,7,5,,8,8,10,8,4,10|2|7|6|3|9|4|1|8,"4,5",9|1|10|3|7|8|6|2|5|4,,,,8,8,,,,,,4|5,1,2,4,,19,3,Behavior|Intent,
2022-12-16 06:41:18,2022-12-16 06:51:46,0,76.37.22.4,100,628,1,2022-12-16 06:51:47,R_ZlZdXmceIHypspb,,,,42.882,-78.8613,anonymous,EN,0,10,8,0,10,0,4,8,2,4,6,10,9,1,6,7,2,1,3,7,9,10,0,0,0,5,10,8,2,2,,,,,,,,,,,,,,,,,,,,,,,,,,,,,,,,,,,,,,,,1,1,3,,21,3,Intent|Behavior,Intent | Missed Show|Intent | Lunch|Intent | Oolong Tea|Intent | Bored|Intent | WYD|Intent | Common Room|Intent | Museum|Intent | Sick|Intent | Friday|Intent | Party
2022-12-16 07:54:32,2022-12-16 07:56:34,0,130.44.166.197,100,122,1,2022-12-16 07:56:35,R_2e2Le8w5dP5H11G,,,,42.3996,-71.1246,anonymous,EN,1,6,10,7,3,0,9,2,0,9,2,1,7,1,0,10,0,0,10,0,0,10,0,0,0,1,8,9,1,1,,,,,,,,,,,,,,,,,,,,,,,,,,,,,,,,,,,,,,,,7,3,2,,99,"1,2,3,4",Intent|Behavior,Intent | Friday|Intent | Lunch|Intent | Bored|Intent | Party|Intent | Missed Show|Intent | Common Room|Intent | Museum|Intent | Sick|Intent | Oolong Tea|Intent | WYD
2022-12-16 09:25:10,2022-12-16 09:31:39,0,96.225.162.58,100,388,1,2022-12-16 09:31:40,R_3qr634VPlfFDpVw,,,,36.8848,-76.1472,anonymous,EN,,,,,,,,,,,,,,,,,,,,,,,,,,,,,,,"2,3,5,6,8,10",9|2|7|10|5|8|6|3|1|4,,8,6,,7,6,,3,,2,3|10|2|6|5|8,"1,2,3,4,6,7,9",1|3|2|9|10|7|6|5|4|8,5,10,6,3,,8,6,,1,,6|9|7|3|1|2|4,"4,5,9",9|10|7|6|2|5|3|4|8|1,,,,8,4,,,,6,,4|9|5,4,2,1,,21,"2,3",Behavior|Intent,
2022-12-16 10:02:51,2022-12-16 10:10:32,0,24.147.161.153,100,460,1,2022-12-16 10:10:32,R_8erv5RxKiFOnA8V,,,,42.6508,-71.1607,anonymous,EN,0,8,6,6,2,0,7,6,0,5,0,9,7,0,7,8,3,0,7,0,0,8,0,0,6,1,7,6,4,8,,,,,,,,,,,,,,,,,,,,,,,,,,,,,,,,,,,,,,,,1,1,1,,20,3,Intent|Behavior,Intent | Party|Intent | Missed Show|Intent | Common Room|Intent | Friday|Intent | Bored|Intent | Sick|Intent | WYD|Intent | Museum|Intent | Oolong Tea|Intent | Lunch
2022-12-15 13:19:01,2022-12-16 10:14:12,0,65.112.8.29,100,75311,1,2022-12-16 10:14:12,R_3IT6XviSDXbi8GF,,,,42.3737,-71.1284,anonymous,EN,0,2,8,4,6,0,5,5,0,1,0,9,0,1,9,0,1,9,5,5,0,8,2,0,5,2,3,7,3,0,,,,,,,,,,,,,,,,,,,,,,,,,,,,,,,,,,,,,,,,1,1,1,,22,3,Intent|Behavior,Intent | Common Room|Intent | Party|Intent | Friday|Intent | Bored|Intent | Lunch|Intent | WYD|Intent | Missed Show|Intent | Sick|Intent | Museum|Intent | Oolong Tea
2022-12-16 11:13:35,2022-12-16 11:18:10,0,141.239.141.108,100,275,1,2022-12-16 11:18:11,R_1jZDqaSc7LGPslA,,,,21.4001,-158.016,anonymous,EN,0,7,0,7,6,0,8,7,0,9,0,9,6,0,6,8,3,0,10,0,0,10,0,0,2,0,7,8,0,0,,,,,,,,,,,,,,,,,,,,,,,,,,,,,,,,,,,,,,,,"1,4",2,1,,21,3,Intent|Behavior,Intent | Missed Show|Intent | Common Room|Intent | Sick|Intent | Party|Intent | Museum|Intent | Oolong Tea|Intent | WYD|Intent | Lunch|Intent | Friday|Intent | Bored
2022-12-16 12:53:09,2022-12-16 13:03:40,0,140.247.128.25,100,630,1,2022-12-16 13:03:41,R_1IgsN6exwVmNqSE,,,,42.3737,-71.1284,anonymous,EN,5,8,8,9,6,2,9,5,1,5,5,6,8,3,4,7,3,4,7,4,2,9,4,2,7,8,6,9,5,3,,,,,,,,,,,,,,,,,,,,,,,,,,,,,,,,,,,,,,,,4,1,1,,21,3,Intent|Behavior,Intent | Oolong Tea|Intent | Friday|Intent | WYD|Intent | Common Room|Intent | Lunch|Intent | Sick|Intent | Party|Intent | Missed Show|Intent | Bored|Intent | Museum
2022-12-16 13:01:22,2022-12-16 13:04:15,0,65.112.8.24,100,173,1,2022-12-16 13:04:16,R_6rjzEkfSY3eXs9X,,,,42.3737,-71.1284,anonymous,EN,,,,,,,,,,,,,,,,,,,,,,,,,,,,,,,"2,3,6,7,10",4|1|2|6|8|3|10|9|7|5,,3,8,,,8,10,,,2,6|10|3|7|2,"1,4,5",3|1|7|10|8|9|5|4|2|6,3,,,4,3,,,,,,1|5|4,"4,5",2|10|5|4|1|7|3|6|9|8,,,,2,2,,,,,,5|4,"1,4",3,5,,20,3,Behavior|Intent,
2022-12-16 13:00:09,2022-12-16 13:05:33,0,65.112.8.26,100,324,1,2022-12-16 13:05:33,R_2SAWIGtY02tBS5k,,,,42.3737,-71.1284,anonymous,EN,2,10,8,5,7,1,7,8,1,1,6,9,2,3,9,8,4,1,9,1,1,9,4,1,4,5,8,6,6,2,,,,,,,,,,,,,,,,,,,,,,,,,,,,,,,,,,,,,,,,"1,6",2,1,,21,3,Intent|Behavior,Intent | Lunch|Intent | Museum|Intent | Missed Show|Intent | Friday|Intent | Bored|Intent | WYD|Intent | Party|Intent | Common Room|Intent | Oolong Tea|Intent | Sick
2022-12-16 01:04:38,2022-12-16 16:44:13,0,65.112.8.19,100,56374,1,2022-12-16 16:44:13,R_5ALMKEyjGD3iytP,,,,42.3737,-71.1284,anonymous,EN,,,,,,,,,,,,,,,,,,,,,,,,,,,,,,,"2,3,6,8,10",10|8|2|1|6|4|5|7|9|3,,7,6,,,3,,5,,9,6|10|2|3|8,"1,2,3,5,6,7,8,9,10",5|2|3|9|1|4|7|8|6|10,4,9,3,,3,4,9,6,5,7,2|8|5|3|7|10|9|1|6,"4,5,7,9",6|3|2|9|1|8|5|4|7|10,,,,7,4,,9,,9,,9|4|7|5,4,2,1,,20,2,Behavior|Intent,
2022-12-16 19:22:23,2022-12-16 22:46:04,0,65.112.8.28,100,12221,1,2022-12-16 22:46:05,R_3hfIj9IQ4XWsU0x,,,,42.3737,-71.1284,anonymous,EN,,,,,,,,,,,,,,,,,,,,,,,,,,,,,,,"2,3,5,6,7,8,10",5|2|10|4|8|1|3|7|6|9,,8,2,,2,2,6,2,,2,2|10|8|5|7|3|6,"2,3,4,6,8,10",10|5|6|3|8|9|1|2|4|7,,10,5,2,,6,,4,,3,4|8|10|3|6|2,"4,5",2|1|5|3|7|8|10|6|9|4,,,,8,9,,,,,,4|5,"3,6",2,5,,20,3,Behavior|Intent,
2022-12-17 09:09:18,2022-12-17 09:17:29,0,69.14.28.204,100,491,1,2022-12-17 09:17:30,R_3DioBoWadNTvdKC,,,,42.5597,-83.1138,anonymous,EN,3,4,7,8,4,0,8,4,0,7,5,5,8,1,1,7,0,0,6,3,1,7,1,0,3,2,9,7,1,3,,,,,,,,,,,,,,,,,,,,,,,,,,,,,,,,,,,,,,,,4,2,1,,19,3,Intent|Behavior,Intent | Friday|Intent | Missed Show|Intent | Oolong Tea|Intent | Lunch|Intent | Bored|Intent | Common Room|Intent | Party|Intent | Sick|Intent | WYD|Intent | Museum
2022-12-17 09:29:13,2022-12-17 09:31:42,0,47.27.200.85,100,149,1,2022-12-17 09:31:43,R_BEXC5WNlJCXKFj3,,,,37.7502,-121.1276,anonymous,EN,,,,,,,,,,,,,,,,,,,,,,,,,,,,,,,"2,3,6",5|1|3|9|10|7|2|4|6|8,,6,8,,,10,,,,,6|3|2,"3,7,8,10",8|5|2|7|4|3|6|10|1|9,,,10,,,,7,9,,6,3|10|7|8,9,7|3|4|9|2|5|1|6|8|10,,,,,,,,,0,,9,2,2,1,,19,3,Behavior|Intent,
